--------------------------------------------------------
-- Archivo creado  - miércoles-octubre-04-2017   
--------------------------------------------------------
--------------------------------------------------------
--  DDL for Table BEBIDAS
--------------------------------------------------------

  CREATE TABLE "ISIS2304B041720"."BEBIDAS" 
   (	"ID" NUMBER, 
	"NAME" VARCHAR2(255 BYTE), 
	"CALIENTE" NUMBER(1,0) DEFAULT 0, 
	"NATURAL" NUMBER(1,0) DEFAULT 0, 
	"HIELO" NUMBER(1,0) DEFAULT 0, 
	"SABOR" VARCHAR2(255 BYTE), 
	"ID_PRODUCTO" NUMBER
   ) SEGMENT CREATION IMMEDIATE 
  PCTFREE 10 PCTUSED 40 INITRANS 1 MAXTRANS 255 
 NOCOMPRESS NOLOGGING
  STORAGE(INITIAL 65536 NEXT 1048576 MINEXTENTS 1 MAXEXTENTS 2147483645
  PCTINCREASE 0 FREELISTS 1 FREELIST GROUPS 1
  BUFFER_POOL DEFAULT FLASH_CACHE DEFAULT CELL_FLASH_CACHE DEFAULT)
  TABLESPACE "TBSPROD" ;
--------------------------------------------------------
--  DDL for Table CLIENTES
--------------------------------------------------------

  CREATE TABLE "ISIS2304B041720"."CLIENTES" 
   (	"ID" NUMBER, 
	"NAME" VARCHAR2(255 BYTE), 
	"MESA" NUMBER
   ) SEGMENT CREATION IMMEDIATE 
  PCTFREE 10 PCTUSED 40 INITRANS 1 MAXTRANS 255 
 NOCOMPRESS NOLOGGING
  STORAGE(INITIAL 65536 NEXT 1048576 MINEXTENTS 1 MAXEXTENTS 2147483645
  PCTINCREASE 0 FREELISTS 1 FREELIST GROUPS 1
  BUFFER_POOL DEFAULT FLASH_CACHE DEFAULT CELL_FLASH_CACHE DEFAULT)
  TABLESPACE "TBSPROD" ;
--------------------------------------------------------
--  DDL for Table CLIENTESFRECUENTES
--------------------------------------------------------

  CREATE TABLE "ISIS2304B041720"."CLIENTESFRECUENTES" 
   (	"ID" NUMBER, 
	"PASSWORD" VARCHAR2(255 BYTE)
   ) SEGMENT CREATION IMMEDIATE 
  PCTFREE 10 PCTUSED 40 INITRANS 1 MAXTRANS 255 
 NOCOMPRESS NOLOGGING
  STORAGE(INITIAL 65536 NEXT 1048576 MINEXTENTS 1 MAXEXTENTS 2147483645
  PCTINCREASE 0 FREELISTS 1 FREELIST GROUPS 1
  BUFFER_POOL DEFAULT FLASH_CACHE DEFAULT CELL_FLASH_CACHE DEFAULT)
  TABLESPACE "TBSPROD" ;
--------------------------------------------------------
--  DDL for Table CONDICIONESTECNICAS
--------------------------------------------------------

  CREATE TABLE "ISIS2304B041720"."CONDICIONESTECNICAS" 
   (	"ID" NUMBER, 
	"NAME" VARCHAR2(80 BYTE)
   ) SEGMENT CREATION IMMEDIATE 
  PCTFREE 10 PCTUSED 40 INITRANS 1 MAXTRANS 255 
 NOCOMPRESS NOLOGGING
  STORAGE(INITIAL 65536 NEXT 1048576 MINEXTENTS 1 MAXEXTENTS 2147483645
  PCTINCREASE 0 FREELISTS 1 FREELIST GROUPS 1
  BUFFER_POOL DEFAULT FLASH_CACHE DEFAULT CELL_FLASH_CACHE DEFAULT)
  TABLESPACE "TBSPROD" ;
--------------------------------------------------------
--  DDL for Table CONDICIONZONA
--------------------------------------------------------

  CREATE TABLE "ISIS2304B041720"."CONDICIONZONA" 
   (	"ID_ZONA" NUMBER, 
	"ID_CONDICION" NUMBER
   ) SEGMENT CREATION IMMEDIATE 
  PCTFREE 10 PCTUSED 40 INITRANS 1 MAXTRANS 255 
 NOCOMPRESS NOLOGGING
  STORAGE(INITIAL 65536 NEXT 1048576 MINEXTENTS 1 MAXEXTENTS 2147483645
  PCTINCREASE 0 FREELISTS 1 FREELIST GROUPS 1
  BUFFER_POOL DEFAULT FLASH_CACHE DEFAULT CELL_FLASH_CACHE DEFAULT)
  TABLESPACE "TBSPROD" ;
--------------------------------------------------------
--  DDL for Table ENTRADAS
--------------------------------------------------------

  CREATE TABLE "ISIS2304B041720"."ENTRADAS" 
   (	"ID" NUMBER, 
	"NAME" VARCHAR2(255 BYTE), 
	"ID_PRODUCTO" NUMBER
   ) SEGMENT CREATION IMMEDIATE 
  PCTFREE 10 PCTUSED 40 INITRANS 1 MAXTRANS 255 
 NOCOMPRESS NOLOGGING
  STORAGE(INITIAL 65536 NEXT 1048576 MINEXTENTS 1 MAXEXTENTS 2147483645
  PCTINCREASE 0 FREELISTS 1 FREELIST GROUPS 1
  BUFFER_POOL DEFAULT FLASH_CACHE DEFAULT CELL_FLASH_CACHE DEFAULT)
  TABLESPACE "TBSPROD" ;
--------------------------------------------------------
--  DDL for Table INGREDIENTES
--------------------------------------------------------

  CREATE TABLE "ISIS2304B041720"."INGREDIENTES" 
   (	"ID" NUMBER, 
	"NAME" VARCHAR2(40 BYTE), 
	"DESCRIPCION" VARCHAR2(255 BYTE), 
	"DESCRIPTION" VARCHAR2(255 BYTE)
   ) SEGMENT CREATION IMMEDIATE 
  PCTFREE 10 PCTUSED 40 INITRANS 1 MAXTRANS 255 
 NOCOMPRESS NOLOGGING
  STORAGE(INITIAL 65536 NEXT 1048576 MINEXTENTS 1 MAXEXTENTS 2147483645
  PCTINCREASE 0 FREELISTS 1 FREELIST GROUPS 1
  BUFFER_POOL DEFAULT FLASH_CACHE DEFAULT CELL_FLASH_CACHE DEFAULT)
  TABLESPACE "TBSPROD"   NO INMEMORY ;
--------------------------------------------------------
--  DDL for Table INGREDIENTESSIMILARES
--------------------------------------------------------

  CREATE TABLE "ISIS2304B041720"."INGREDIENTESSIMILARES" 
   (	"ID_INGREDIENTE1" NUMBER, 
	"ID_INGREDIENTE2" NUMBER
   ) SEGMENT CREATION IMMEDIATE 
  PCTFREE 10 PCTUSED 40 INITRANS 1 MAXTRANS 255 
 NOCOMPRESS NOLOGGING
  STORAGE(INITIAL 65536 NEXT 1048576 MINEXTENTS 1 MAXEXTENTS 2147483645
  PCTINCREASE 0 FREELISTS 1 FREELIST GROUPS 1
  BUFFER_POOL DEFAULT FLASH_CACHE DEFAULT CELL_FLASH_CACHE DEFAULT)
  TABLESPACE "TBSPROD" ;
--------------------------------------------------------
--  DDL for Table MENUS
--------------------------------------------------------

  CREATE TABLE "ISIS2304B041720"."MENUS" 
   (	"ID" NUMBER, 
	"NAME" VARCHAR2(40 BYTE), 
	"ID_PRODUCTO" NUMBER, 
	"ID_ENTRADA" NUMBER, 
	"ID_PLATOFUERTE" NUMBER, 
	"ID_POSTRE" NUMBER, 
	"ID_BEBIDA" NUMBER, 
	"ID_RESTAURANTE" NUMBER
   ) SEGMENT CREATION IMMEDIATE 
  PCTFREE 10 PCTUSED 40 INITRANS 1 MAXTRANS 255 
 NOCOMPRESS NOLOGGING
  STORAGE(INITIAL 65536 NEXT 1048576 MINEXTENTS 1 MAXEXTENTS 2147483645
  PCTINCREASE 0 FREELISTS 1 FREELIST GROUPS 1
  BUFFER_POOL DEFAULT FLASH_CACHE DEFAULT CELL_FLASH_CACHE DEFAULT)
  TABLESPACE "TBSPROD" ;
--------------------------------------------------------
--  DDL for Table ORDENES
--------------------------------------------------------

  CREATE TABLE "ISIS2304B041720"."ORDENES" 
   (	"ID" NUMBER, 
	"COSTOTOTAL" NUMBER, 
	"FECHA" TIMESTAMP (0)
   ) SEGMENT CREATION IMMEDIATE 
  PCTFREE 10 PCTUSED 40 INITRANS 1 MAXTRANS 255 
 NOCOMPRESS NOLOGGING
  STORAGE(INITIAL 65536 NEXT 1048576 MINEXTENTS 1 MAXEXTENTS 2147483645
  PCTINCREASE 0 FREELISTS 1 FREELIST GROUPS 1
  BUFFER_POOL DEFAULT FLASH_CACHE DEFAULT CELL_FLASH_CACHE DEFAULT)
  TABLESPACE "TBSPROD" ;
--------------------------------------------------------
--  DDL for Table PEDIDOS
--------------------------------------------------------

  CREATE TABLE "ISIS2304B041720"."PEDIDOS" 
   (	"ID" NUMBER, 
	"ID_CLIENTE" NUMBER, 
	"ID_PRODUCTO" NUMBER, 
	"FECHA" TIMESTAMP (0), 
	"SERVIDO" NUMBER(1,0) DEFAULT 0
   ) SEGMENT CREATION IMMEDIATE 
  PCTFREE 10 PCTUSED 40 INITRANS 1 MAXTRANS 255 
 NOCOMPRESS NOLOGGING
  STORAGE(INITIAL 65536 NEXT 1048576 MINEXTENTS 1 MAXEXTENTS 2147483645
  PCTINCREASE 0 FREELISTS 1 FREELIST GROUPS 1
  BUFFER_POOL DEFAULT FLASH_CACHE DEFAULT CELL_FLASH_CACHE DEFAULT)
  TABLESPACE "TBSPROD" ;
--------------------------------------------------------
--  DDL for Table PEDIDOSDEORDEN
--------------------------------------------------------

  CREATE TABLE "ISIS2304B041720"."PEDIDOSDEORDEN" 
   (	"ID_ORDEN" NUMBER, 
	"ID_PEDIDO" NUMBER
   ) SEGMENT CREATION IMMEDIATE 
  PCTFREE 10 PCTUSED 40 INITRANS 1 MAXTRANS 255 
 NOCOMPRESS NOLOGGING
  STORAGE(INITIAL 65536 NEXT 1048576 MINEXTENTS 1 MAXEXTENTS 2147483645
  PCTINCREASE 0 FREELISTS 1 FREELIST GROUPS 1
  BUFFER_POOL DEFAULT FLASH_CACHE DEFAULT CELL_FLASH_CACHE DEFAULT)
  TABLESPACE "TBSPROD" ;
--------------------------------------------------------
--  DDL for Table PLATOSFUERTES
--------------------------------------------------------

  CREATE TABLE "ISIS2304B041720"."PLATOSFUERTES" 
   (	"ID" NUMBER, 
	"NAME" VARCHAR2(255 BYTE), 
	"ID_ACOMPANIAMIENTO" NUMBER, 
	"ID_PRODUCTO" NUMBER
   ) SEGMENT CREATION IMMEDIATE 
  PCTFREE 10 PCTUSED 40 INITRANS 1 MAXTRANS 255 
 NOCOMPRESS NOLOGGING
  STORAGE(INITIAL 65536 NEXT 1048576 MINEXTENTS 1 MAXEXTENTS 2147483645
  PCTINCREASE 0 FREELISTS 1 FREELIST GROUPS 1
  BUFFER_POOL DEFAULT FLASH_CACHE DEFAULT CELL_FLASH_CACHE DEFAULT)
  TABLESPACE "TBSPROD" ;
--------------------------------------------------------
--  DDL for Table POSTRES
--------------------------------------------------------

  CREATE TABLE "ISIS2304B041720"."POSTRES" 
   (	"ID" NUMBER, 
	"NAME" VARCHAR2(255 BYTE), 
	"SABOR" VARCHAR2(255 BYTE), 
	"ID_PRODUCTO" NUMBER
   ) SEGMENT CREATION IMMEDIATE 
  PCTFREE 10 PCTUSED 40 INITRANS 1 MAXTRANS 255 
 NOCOMPRESS NOLOGGING
  STORAGE(INITIAL 65536 NEXT 1048576 MINEXTENTS 1 MAXEXTENTS 2147483645
  PCTINCREASE 0 FREELISTS 1 FREELIST GROUPS 1
  BUFFER_POOL DEFAULT FLASH_CACHE DEFAULT CELL_FLASH_CACHE DEFAULT)
  TABLESPACE "TBSPROD" ;
--------------------------------------------------------
--  DDL for Table PREFERENCIAS
--------------------------------------------------------

  CREATE TABLE "ISIS2304B041720"."PREFERENCIAS" 
   (	"ID_CLIENTEFRECUENTE" NUMBER, 
	"ID_PRODUCTO" NUMBER
   ) SEGMENT CREATION IMMEDIATE 
  PCTFREE 10 PCTUSED 40 INITRANS 1 MAXTRANS 255 
 NOCOMPRESS NOLOGGING
  STORAGE(INITIAL 65536 NEXT 1048576 MINEXTENTS 1 MAXEXTENTS 2147483645
  PCTINCREASE 0 FREELISTS 1 FREELIST GROUPS 1
  BUFFER_POOL DEFAULT FLASH_CACHE DEFAULT CELL_FLASH_CACHE DEFAULT)
  TABLESPACE "TBSPROD" ;
--------------------------------------------------------
--  DDL for Table PRODUCTOS
--------------------------------------------------------

  CREATE TABLE "ISIS2304B041720"."PRODUCTOS" 
   (	"ID" NUMBER, 
	"DESCRIPCION" VARCHAR2(255 BYTE), 
	"DESCRIPTION" VARCHAR2(255 BYTE), 
	"COSTO_PRODUCCION" NUMBER DEFAULT 0, 
	"PRECIO" NUMBER, 
	"ID_RESTAURANTE" NUMBER, 
	"CANTIDAD" NUMBER
   ) SEGMENT CREATION IMMEDIATE 
  PCTFREE 10 PCTUSED 40 INITRANS 1 MAXTRANS 255 
 NOCOMPRESS NOLOGGING
  STORAGE(INITIAL 65536 NEXT 1048576 MINEXTENTS 1 MAXEXTENTS 2147483645
  PCTINCREASE 0 FREELISTS 1 FREELIST GROUPS 1
  BUFFER_POOL DEFAULT FLASH_CACHE DEFAULT CELL_FLASH_CACHE DEFAULT)
  TABLESPACE "TBSPROD" ;
--------------------------------------------------------
--  DDL for Table PRODUCTOSSIMILARES
--------------------------------------------------------

  CREATE TABLE "ISIS2304B041720"."PRODUCTOSSIMILARES" 
   (	"ID_PRODUCTO1" NUMBER, 
	"ID_PRODUCTO2" NUMBER
   ) SEGMENT CREATION IMMEDIATE 
  PCTFREE 10 PCTUSED 40 INITRANS 1 MAXTRANS 255 
 NOCOMPRESS NOLOGGING
  STORAGE(INITIAL 65536 NEXT 1048576 MINEXTENTS 1 MAXEXTENTS 2147483645
  PCTINCREASE 0 FREELISTS 1 FREELIST GROUPS 1
  BUFFER_POOL DEFAULT FLASH_CACHE DEFAULT CELL_FLASH_CACHE DEFAULT)
  TABLESPACE "TBSPROD" ;
--------------------------------------------------------
--  DDL for Table REPRESENTA
--------------------------------------------------------

  CREATE TABLE "ISIS2304B041720"."REPRESENTA" 
   (	"ID_RESTAURANTE" NUMBER, 
	"ID_REPRESENTANTE" NUMBER
   ) SEGMENT CREATION IMMEDIATE 
  PCTFREE 10 PCTUSED 40 INITRANS 1 MAXTRANS 255 
 NOCOMPRESS NOLOGGING
  STORAGE(INITIAL 65536 NEXT 1048576 MINEXTENTS 1 MAXEXTENTS 2147483645
  PCTINCREASE 0 FREELISTS 1 FREELIST GROUPS 1
  BUFFER_POOL DEFAULT FLASH_CACHE DEFAULT CELL_FLASH_CACHE DEFAULT)
  TABLESPACE "TBSPROD" ;
--------------------------------------------------------
--  DDL for Table REPRESENTANTES
--------------------------------------------------------

  CREATE TABLE "ISIS2304B041720"."REPRESENTANTES" 
   (	"ID" NUMBER, 
	"NAME" VARCHAR2(80 BYTE), 
	"PASSWORD" VARCHAR2(255 BYTE)
   ) SEGMENT CREATION IMMEDIATE 
  PCTFREE 10 PCTUSED 40 INITRANS 1 MAXTRANS 255 
 NOCOMPRESS NOLOGGING
  STORAGE(INITIAL 65536 NEXT 1048576 MINEXTENTS 1 MAXEXTENTS 2147483645
  PCTINCREASE 0 FREELISTS 1 FREELIST GROUPS 1
  BUFFER_POOL DEFAULT FLASH_CACHE DEFAULT CELL_FLASH_CACHE DEFAULT)
  TABLESPACE "TBSPROD" ;
--------------------------------------------------------
--  DDL for Table RESTAURANTES
--------------------------------------------------------

  CREATE TABLE "ISIS2304B041720"."RESTAURANTES" 
   (	"ID" NUMBER, 
	"NAME" VARCHAR2(40 BYTE), 
	"PRECIO" NVARCHAR2(255) DEFAULT 0, 
	"ID_TIPO" NUMBER, 
	"ID_ZONA" NUMBER
   ) SEGMENT CREATION IMMEDIATE 
  PCTFREE 10 PCTUSED 40 INITRANS 1 MAXTRANS 255 
 NOCOMPRESS NOLOGGING
  STORAGE(INITIAL 65536 NEXT 1048576 MINEXTENTS 1 MAXEXTENTS 2147483645
  PCTINCREASE 0 FREELISTS 1 FREELIST GROUPS 1
  BUFFER_POOL DEFAULT FLASH_CACHE DEFAULT CELL_FLASH_CACHE DEFAULT)
  TABLESPACE "TBSPROD"   NO INMEMORY ;
--------------------------------------------------------
--  DDL for Table TIPOPRODUCTO
--------------------------------------------------------

  CREATE TABLE "ISIS2304B041720"."TIPOPRODUCTO" 
   (	"ID_PROD" NUMBER, 
	"ID_TIPO" NUMBER
   ) SEGMENT CREATION IMMEDIATE 
  PCTFREE 10 PCTUSED 40 INITRANS 1 MAXTRANS 255 
 NOCOMPRESS NOLOGGING
  STORAGE(INITIAL 65536 NEXT 1048576 MINEXTENTS 1 MAXEXTENTS 2147483645
  PCTINCREASE 0 FREELISTS 1 FREELIST GROUPS 1
  BUFFER_POOL DEFAULT FLASH_CACHE DEFAULT CELL_FLASH_CACHE DEFAULT)
  TABLESPACE "TBSPROD" ;
--------------------------------------------------------
--  DDL for Table TIPOS
--------------------------------------------------------

  CREATE TABLE "ISIS2304B041720"."TIPOS" 
   (	"ID" NUMBER, 
	"NAME" VARCHAR2(80 BYTE)
   ) SEGMENT CREATION IMMEDIATE 
  PCTFREE 10 PCTUSED 40 INITRANS 1 MAXTRANS 255 
 NOCOMPRESS NOLOGGING
  STORAGE(INITIAL 65536 NEXT 1048576 MINEXTENTS 1 MAXEXTENTS 2147483645
  PCTINCREASE 0 FREELISTS 1 FREELIST GROUPS 1
  BUFFER_POOL DEFAULT FLASH_CACHE DEFAULT CELL_FLASH_CACHE DEFAULT)
  TABLESPACE "TBSPROD" ;
--------------------------------------------------------
--  DDL for Table ZONAS
--------------------------------------------------------

  CREATE TABLE "ISIS2304B041720"."ZONAS" 
   (	"ID" NUMBER, 
	"NAME" VARCHAR2(80 BYTE), 
	"ESPACIO_ABIERTO" NUMBER(1,0) DEFAULT 0, 
	"CAPACIDAD" NUMBER, 
	"INCLUYENTE" NUMBER(1,0) DEFAULT 0
   ) SEGMENT CREATION IMMEDIATE 
  PCTFREE 10 PCTUSED 40 INITRANS 1 MAXTRANS 255 
 NOCOMPRESS NOLOGGING
  STORAGE(INITIAL 65536 NEXT 1048576 MINEXTENTS 1 MAXEXTENTS 2147483645
  PCTINCREASE 0 FREELISTS 1 FREELIST GROUPS 1
  BUFFER_POOL DEFAULT FLASH_CACHE DEFAULT CELL_FLASH_CACHE DEFAULT)
  TABLESPACE "TBSPROD" ;
REM INSERTING into ISIS2304B041720.BEBIDAS
SET DEFINE OFF;
Insert into ISIS2304B041720.BEBIDAS (ID,NAME,CALIENTE,NATURAL,HIELO,SABOR,ID_PRODUCTO) values ('1','Diazepam','0','0','0','dolor','20');
Insert into ISIS2304B041720.BEBIDAS (ID,NAME,CALIENTE,NATURAL,HIELO,SABOR,ID_PRODUCTO) values ('2','Nitrofurantoin Macrocrystals','0','1','1','sed','19');
Insert into ISIS2304B041720.BEBIDAS (ID,NAME,CALIENTE,NATURAL,HIELO,SABOR,ID_PRODUCTO) values ('3','Methylphenidate Hydrochloride','1','1','0','sapien','18');
Insert into ISIS2304B041720.BEBIDAS (ID,NAME,CALIENTE,NATURAL,HIELO,SABOR,ID_PRODUCTO) values ('4','Good Sense Childrens Mucus Relief','0','0','1','amet','17');
Insert into ISIS2304B041720.BEBIDAS (ID,NAME,CALIENTE,NATURAL,HIELO,SABOR,ID_PRODUCTO) values ('5','Lamotrigine','1','1','0','lectus','16');
Insert into ISIS2304B041720.BEBIDAS (ID,NAME,CALIENTE,NATURAL,HIELO,SABOR,ID_PRODUCTO) values ('6','BencoCaine Topical Anesthetic','0','1','1','morbi','15');
Insert into ISIS2304B041720.BEBIDAS (ID,NAME,CALIENTE,NATURAL,HIELO,SABOR,ID_PRODUCTO) values ('7','SKIN SUPPLIES FOR MEN','0','0','1','pellentesque volutpat','14');
Insert into ISIS2304B041720.BEBIDAS (ID,NAME,CALIENTE,NATURAL,HIELO,SABOR,ID_PRODUCTO) values ('8','Exchange Select Calcium Antacid','0','0','1','ultrices posuere','13');
Insert into ISIS2304B041720.BEBIDAS (ID,NAME,CALIENTE,NATURAL,HIELO,SABOR,ID_PRODUCTO) values ('9','KIDS CHOICE','1','0','1','orci','12');
Insert into ISIS2304B041720.BEBIDAS (ID,NAME,CALIENTE,NATURAL,HIELO,SABOR,ID_PRODUCTO) values ('10','ADVIL','1','1','1','et','11');
Insert into ISIS2304B041720.BEBIDAS (ID,NAME,CALIENTE,NATURAL,HIELO,SABOR,ID_PRODUCTO) values ('11','AZO','0','0','0','cubilia curae','10');
Insert into ISIS2304B041720.BEBIDAS (ID,NAME,CALIENTE,NATURAL,HIELO,SABOR,ID_PRODUCTO) values ('12','Enteric Coated Aspirin','1','0','0','elit sodales','9');
Insert into ISIS2304B041720.BEBIDAS (ID,NAME,CALIENTE,NATURAL,HIELO,SABOR,ID_PRODUCTO) values ('13','Pomegranate Antibacterial Foaming Hand Wash','1','1','1','aliquet','8');
Insert into ISIS2304B041720.BEBIDAS (ID,NAME,CALIENTE,NATURAL,HIELO,SABOR,ID_PRODUCTO) values ('14','Acetaminophen','1','1','1','ut','7');
Insert into ISIS2304B041720.BEBIDAS (ID,NAME,CALIENTE,NATURAL,HIELO,SABOR,ID_PRODUCTO) values ('15','LEVOBUNOLOL HYDROCHLORIDE','0','1','0','ipsum integer','6');
Insert into ISIS2304B041720.BEBIDAS (ID,NAME,CALIENTE,NATURAL,HIELO,SABOR,ID_PRODUCTO) values ('16','Less Drowsy Motion Sickness Relief','0','1','1','phasellus','5');
Insert into ISIS2304B041720.BEBIDAS (ID,NAME,CALIENTE,NATURAL,HIELO,SABOR,ID_PRODUCTO) values ('17','Clonidine Hydrochloride','1','0','0','nulla nisl','4');
Insert into ISIS2304B041720.BEBIDAS (ID,NAME,CALIENTE,NATURAL,HIELO,SABOR,ID_PRODUCTO) values ('18','CRESTOR','0','0','1','tristique','3');
Insert into ISIS2304B041720.BEBIDAS (ID,NAME,CALIENTE,NATURAL,HIELO,SABOR,ID_PRODUCTO) values ('19','Dry Scalp Care','1','1','0','dolor','2');
Insert into ISIS2304B041720.BEBIDAS (ID,NAME,CALIENTE,NATURAL,HIELO,SABOR,ID_PRODUCTO) values ('20','PREP (AND) PRIME BB BEAUTY BALM SPF 35 BROAD SPECTRUM','0','1','1','dignissim vestibulum','1');
REM INSERTING into ISIS2304B041720.CLIENTES
SET DEFINE OFF;
Insert into ISIS2304B041720.CLIENTES (ID,NAME,MESA) values ('1','Annabell Northin','72');
Insert into ISIS2304B041720.CLIENTES (ID,NAME,MESA) values ('2','Briny Clipsham','51');
Insert into ISIS2304B041720.CLIENTES (ID,NAME,MESA) values ('3','Rutger Coundley','91');
Insert into ISIS2304B041720.CLIENTES (ID,NAME,MESA) values ('4','Marjorie Quantick','65');
Insert into ISIS2304B041720.CLIENTES (ID,NAME,MESA) values ('5','Leoline Feronet','61');
Insert into ISIS2304B041720.CLIENTES (ID,NAME,MESA) values ('6','Moses Arnfield','95');
Insert into ISIS2304B041720.CLIENTES (ID,NAME,MESA) values ('7','Sigfried Donat','70');
Insert into ISIS2304B041720.CLIENTES (ID,NAME,MESA) values ('8','Steffi Wegenen','36');
Insert into ISIS2304B041720.CLIENTES (ID,NAME,MESA) values ('9','Rory Maffione','73');
Insert into ISIS2304B041720.CLIENTES (ID,NAME,MESA) values ('10','Randolf Sparkwill','28');
Insert into ISIS2304B041720.CLIENTES (ID,NAME,MESA) values ('11','Ernesto Alford','7');
Insert into ISIS2304B041720.CLIENTES (ID,NAME,MESA) values ('12','Barde Greenroa','76');
Insert into ISIS2304B041720.CLIENTES (ID,NAME,MESA) values ('13','Veronique Menico','77');
Insert into ISIS2304B041720.CLIENTES (ID,NAME,MESA) values ('14','Anatola Olechnowicz','69');
Insert into ISIS2304B041720.CLIENTES (ID,NAME,MESA) values ('15','Rici Chivers','84');
Insert into ISIS2304B041720.CLIENTES (ID,NAME,MESA) values ('16','Corinne Beste','16');
Insert into ISIS2304B041720.CLIENTES (ID,NAME,MESA) values ('17','Tedi Grocott','57');
Insert into ISIS2304B041720.CLIENTES (ID,NAME,MESA) values ('18','Kaila Ranyard','65');
Insert into ISIS2304B041720.CLIENTES (ID,NAME,MESA) values ('19','Jessi Mariette','84');
Insert into ISIS2304B041720.CLIENTES (ID,NAME,MESA) values ('20','Raeann Malsher','46');
Insert into ISIS2304B041720.CLIENTES (ID,NAME,MESA) values ('21','Griffin Durdy','52');
Insert into ISIS2304B041720.CLIENTES (ID,NAME,MESA) values ('22','Margaux Massenhove','33');
Insert into ISIS2304B041720.CLIENTES (ID,NAME,MESA) values ('23','Tandie Fetherby','69');
Insert into ISIS2304B041720.CLIENTES (ID,NAME,MESA) values ('24','Celestyn Ecles','67');
Insert into ISIS2304B041720.CLIENTES (ID,NAME,MESA) values ('25','Babs McCathie','27');
Insert into ISIS2304B041720.CLIENTES (ID,NAME,MESA) values ('26','Jolene MacDearmaid','8');
Insert into ISIS2304B041720.CLIENTES (ID,NAME,MESA) values ('27','Eunice Mallabon','96');
Insert into ISIS2304B041720.CLIENTES (ID,NAME,MESA) values ('28','Shurwood Gollard','67');
Insert into ISIS2304B041720.CLIENTES (ID,NAME,MESA) values ('29','Justinn Dudny','34');
Insert into ISIS2304B041720.CLIENTES (ID,NAME,MESA) values ('30','Pammie Dods','69');
Insert into ISIS2304B041720.CLIENTES (ID,NAME,MESA) values ('31','Pavia Emtage','99');
Insert into ISIS2304B041720.CLIENTES (ID,NAME,MESA) values ('32','Cammy Tace','91');
Insert into ISIS2304B041720.CLIENTES (ID,NAME,MESA) values ('33','Sheena St. Quintin','96');
Insert into ISIS2304B041720.CLIENTES (ID,NAME,MESA) values ('34','Bernie Smardon','87');
Insert into ISIS2304B041720.CLIENTES (ID,NAME,MESA) values ('35','Stevy Abrahim','29');
Insert into ISIS2304B041720.CLIENTES (ID,NAME,MESA) values ('36','Dodi Kauble','86');
Insert into ISIS2304B041720.CLIENTES (ID,NAME,MESA) values ('37','Archibald Durward','36');
Insert into ISIS2304B041720.CLIENTES (ID,NAME,MESA) values ('38','Tibold Buffery','53');
Insert into ISIS2304B041720.CLIENTES (ID,NAME,MESA) values ('39','Hebert Ponten','3');
Insert into ISIS2304B041720.CLIENTES (ID,NAME,MESA) values ('40','Milissent Kenzie','18');
REM INSERTING into ISIS2304B041720.CLIENTESFRECUENTES
SET DEFINE OFF;
Insert into ISIS2304B041720.CLIENTESFRECUENTES (ID,PASSWORD) values ('6','HKho2Fh');
Insert into ISIS2304B041720.CLIENTESFRECUENTES (ID,PASSWORD) values ('7','0lHuJDAQ7vu');
Insert into ISIS2304B041720.CLIENTESFRECUENTES (ID,PASSWORD) values ('8','zuhjJE');
Insert into ISIS2304B041720.CLIENTESFRECUENTES (ID,PASSWORD) values ('9','oIokrDrLn');
Insert into ISIS2304B041720.CLIENTESFRECUENTES (ID,PASSWORD) values ('10','supNLWqKhceo');
Insert into ISIS2304B041720.CLIENTESFRECUENTES (ID,PASSWORD) values ('11','Keta2ySkBl3A');
Insert into ISIS2304B041720.CLIENTESFRECUENTES (ID,PASSWORD) values ('12','8UeH4NuO');
Insert into ISIS2304B041720.CLIENTESFRECUENTES (ID,PASSWORD) values ('13','emKTEiQWeop');
Insert into ISIS2304B041720.CLIENTESFRECUENTES (ID,PASSWORD) values ('14','Ku4cAN');
Insert into ISIS2304B041720.CLIENTESFRECUENTES (ID,PASSWORD) values ('15','Gma0ZXbaYN3P');
Insert into ISIS2304B041720.CLIENTESFRECUENTES (ID,PASSWORD) values ('16','ASTdGsKoXsR');
Insert into ISIS2304B041720.CLIENTESFRECUENTES (ID,PASSWORD) values ('17','5Dapbwfz');
Insert into ISIS2304B041720.CLIENTESFRECUENTES (ID,PASSWORD) values ('18','Hct2pviwqdV');
Insert into ISIS2304B041720.CLIENTESFRECUENTES (ID,PASSWORD) values ('19','Y6xSS9AMth');
Insert into ISIS2304B041720.CLIENTESFRECUENTES (ID,PASSWORD) values ('20','HikqsI');
Insert into ISIS2304B041720.CLIENTESFRECUENTES (ID,PASSWORD) values ('21','BV1BmpENm');
Insert into ISIS2304B041720.CLIENTESFRECUENTES (ID,PASSWORD) values ('22','fHvBby8JfxD');
Insert into ISIS2304B041720.CLIENTESFRECUENTES (ID,PASSWORD) values ('23','srBgW5N84a8B');
Insert into ISIS2304B041720.CLIENTESFRECUENTES (ID,PASSWORD) values ('24','FayCAtE4x');
Insert into ISIS2304B041720.CLIENTESFRECUENTES (ID,PASSWORD) values ('25','hxVo3yLA9');
REM INSERTING into ISIS2304B041720.CONDICIONESTECNICAS
SET DEFINE OFF;
Insert into ISIS2304B041720.CONDICIONESTECNICAS (ID,NAME) values ('1','pellentesque');
Insert into ISIS2304B041720.CONDICIONESTECNICAS (ID,NAME) values ('2','nulla elit ac');
Insert into ISIS2304B041720.CONDICIONESTECNICAS (ID,NAME) values ('3','at velit eu');
Insert into ISIS2304B041720.CONDICIONESTECNICAS (ID,NAME) values ('4','pede ullamcorper');
Insert into ISIS2304B041720.CONDICIONESTECNICAS (ID,NAME) values ('5','suspendisse');
Insert into ISIS2304B041720.CONDICIONESTECNICAS (ID,NAME) values ('6','viverra pede ac');
Insert into ISIS2304B041720.CONDICIONESTECNICAS (ID,NAME) values ('7','odio justo');
Insert into ISIS2304B041720.CONDICIONESTECNICAS (ID,NAME) values ('8','donec');
Insert into ISIS2304B041720.CONDICIONESTECNICAS (ID,NAME) values ('9','quam a');
Insert into ISIS2304B041720.CONDICIONESTECNICAS (ID,NAME) values ('10','adipiscing');
Insert into ISIS2304B041720.CONDICIONESTECNICAS (ID,NAME) values ('11','tortor');
Insert into ISIS2304B041720.CONDICIONESTECNICAS (ID,NAME) values ('12','sodales scelerisque mauris');
Insert into ISIS2304B041720.CONDICIONESTECNICAS (ID,NAME) values ('13','at');
Insert into ISIS2304B041720.CONDICIONESTECNICAS (ID,NAME) values ('14','enim');
Insert into ISIS2304B041720.CONDICIONESTECNICAS (ID,NAME) values ('15','nisl venenatis');
Insert into ISIS2304B041720.CONDICIONESTECNICAS (ID,NAME) values ('16','mi integer');
Insert into ISIS2304B041720.CONDICIONESTECNICAS (ID,NAME) values ('17','etiam');
Insert into ISIS2304B041720.CONDICIONESTECNICAS (ID,NAME) values ('18','dui nec nisi');
Insert into ISIS2304B041720.CONDICIONESTECNICAS (ID,NAME) values ('19','justo in');
Insert into ISIS2304B041720.CONDICIONESTECNICAS (ID,NAME) values ('20','maecenas ut massa');
Insert into ISIS2304B041720.CONDICIONESTECNICAS (ID,NAME) values ('21','primis in');
Insert into ISIS2304B041720.CONDICIONESTECNICAS (ID,NAME) values ('22','pretium');
Insert into ISIS2304B041720.CONDICIONESTECNICAS (ID,NAME) values ('23','curabitur convallis duis');
Insert into ISIS2304B041720.CONDICIONESTECNICAS (ID,NAME) values ('24','sagittis sapien cum');
Insert into ISIS2304B041720.CONDICIONESTECNICAS (ID,NAME) values ('25','nulla ac enim');
Insert into ISIS2304B041720.CONDICIONESTECNICAS (ID,NAME) values ('26','libero');
Insert into ISIS2304B041720.CONDICIONESTECNICAS (ID,NAME) values ('27','lectus in quam');
Insert into ISIS2304B041720.CONDICIONESTECNICAS (ID,NAME) values ('28','odio consequat');
Insert into ISIS2304B041720.CONDICIONESTECNICAS (ID,NAME) values ('29','eget');
Insert into ISIS2304B041720.CONDICIONESTECNICAS (ID,NAME) values ('30','et eros');
Insert into ISIS2304B041720.CONDICIONESTECNICAS (ID,NAME) values ('31','vestibulum vestibulum ante');
Insert into ISIS2304B041720.CONDICIONESTECNICAS (ID,NAME) values ('32','sit');
Insert into ISIS2304B041720.CONDICIONESTECNICAS (ID,NAME) values ('33','diam in magna');
Insert into ISIS2304B041720.CONDICIONESTECNICAS (ID,NAME) values ('34','in');
Insert into ISIS2304B041720.CONDICIONESTECNICAS (ID,NAME) values ('35','bibendum felis');
Insert into ISIS2304B041720.CONDICIONESTECNICAS (ID,NAME) values ('36','eget massa tempor');
Insert into ISIS2304B041720.CONDICIONESTECNICAS (ID,NAME) values ('37','erat curabitur gravida');
Insert into ISIS2304B041720.CONDICIONESTECNICAS (ID,NAME) values ('38','viverra');
Insert into ISIS2304B041720.CONDICIONESTECNICAS (ID,NAME) values ('39','fusce');
Insert into ISIS2304B041720.CONDICIONESTECNICAS (ID,NAME) values ('40','amet');
REM INSERTING into ISIS2304B041720.CONDICIONZONA
SET DEFINE OFF;
Insert into ISIS2304B041720.CONDICIONZONA (ID_ZONA,ID_CONDICION) values ('4','39');
Insert into ISIS2304B041720.CONDICIONZONA (ID_ZONA,ID_CONDICION) values ('5','7');
Insert into ISIS2304B041720.CONDICIONZONA (ID_ZONA,ID_CONDICION) values ('6','27');
Insert into ISIS2304B041720.CONDICIONZONA (ID_ZONA,ID_CONDICION) values ('7','27');
Insert into ISIS2304B041720.CONDICIONZONA (ID_ZONA,ID_CONDICION) values ('10','34');
Insert into ISIS2304B041720.CONDICIONZONA (ID_ZONA,ID_CONDICION) values ('14','21');
Insert into ISIS2304B041720.CONDICIONZONA (ID_ZONA,ID_CONDICION) values ('15','37');
Insert into ISIS2304B041720.CONDICIONZONA (ID_ZONA,ID_CONDICION) values ('22','15');
Insert into ISIS2304B041720.CONDICIONZONA (ID_ZONA,ID_CONDICION) values ('25','8');
Insert into ISIS2304B041720.CONDICIONZONA (ID_ZONA,ID_CONDICION) values ('25','34');
Insert into ISIS2304B041720.CONDICIONZONA (ID_ZONA,ID_CONDICION) values ('26','19');
Insert into ISIS2304B041720.CONDICIONZONA (ID_ZONA,ID_CONDICION) values ('27','26');
Insert into ISIS2304B041720.CONDICIONZONA (ID_ZONA,ID_CONDICION) values ('31','37');
Insert into ISIS2304B041720.CONDICIONZONA (ID_ZONA,ID_CONDICION) values ('32','5');
Insert into ISIS2304B041720.CONDICIONZONA (ID_ZONA,ID_CONDICION) values ('32','20');
Insert into ISIS2304B041720.CONDICIONZONA (ID_ZONA,ID_CONDICION) values ('35','6');
Insert into ISIS2304B041720.CONDICIONZONA (ID_ZONA,ID_CONDICION) values ('35','37');
Insert into ISIS2304B041720.CONDICIONZONA (ID_ZONA,ID_CONDICION) values ('36','26');
Insert into ISIS2304B041720.CONDICIONZONA (ID_ZONA,ID_CONDICION) values ('36','29');
Insert into ISIS2304B041720.CONDICIONZONA (ID_ZONA,ID_CONDICION) values ('37','21');
REM INSERTING into ISIS2304B041720.ENTRADAS
SET DEFINE OFF;
Insert into ISIS2304B041720.ENTRADAS (ID,NAME,ID_PRODUCTO) values ('1','SODIUM SULFACETAMIDE, SULFUR','60');
Insert into ISIS2304B041720.ENTRADAS (ID,NAME,ID_PRODUCTO) values ('2','Sodium Bicarbonate','59');
Insert into ISIS2304B041720.ENTRADAS (ID,NAME,ID_PRODUCTO) values ('3','Hycet','58');
Insert into ISIS2304B041720.ENTRADAS (ID,NAME,ID_PRODUCTO) values ('4','ZEA MAYS POLLEN','57');
Insert into ISIS2304B041720.ENTRADAS (ID,NAME,ID_PRODUCTO) values ('5','PurSan','56');
Insert into ISIS2304B041720.ENTRADAS (ID,NAME,ID_PRODUCTO) values ('6','DIGOX','55');
Insert into ISIS2304B041720.ENTRADAS (ID,NAME,ID_PRODUCTO) values ('7','Alka-Seltzer Heartburn Plus Gas ReliefChews Tropical Punch','54');
Insert into ISIS2304B041720.ENTRADAS (ID,NAME,ID_PRODUCTO) values ('8','Rite Aid','53');
Insert into ISIS2304B041720.ENTRADAS (ID,NAME,ID_PRODUCTO) values ('9','Candesartan Cilexetil-Hydrochlorothiazide','52');
Insert into ISIS2304B041720.ENTRADAS (ID,NAME,ID_PRODUCTO) values ('10','Lodosyn','51');
Insert into ISIS2304B041720.ENTRADAS (ID,NAME,ID_PRODUCTO) values ('11','Oxcarbazepine','50');
Insert into ISIS2304B041720.ENTRADAS (ID,NAME,ID_PRODUCTO) values ('12','CORYLUS AMERICANA POLLEN','49');
Insert into ISIS2304B041720.ENTRADAS (ID,NAME,ID_PRODUCTO) values ('13','Caldolor','48');
Insert into ISIS2304B041720.ENTRADAS (ID,NAME,ID_PRODUCTO) values ('14','napoleon PERDIS FOUNDATION STICK BROAD SPECTRUM SPF 15 Look 3B','47');
Insert into ISIS2304B041720.ENTRADAS (ID,NAME,ID_PRODUCTO) values ('15','Thiamine Hydrochloride','46');
Insert into ISIS2304B041720.ENTRADAS (ID,NAME,ID_PRODUCTO) values ('16','Hackberry','45');
Insert into ISIS2304B041720.ENTRADAS (ID,NAME,ID_PRODUCTO) values ('17','Clear Eyes Travelers Eye Relief','44');
Insert into ISIS2304B041720.ENTRADAS (ID,NAME,ID_PRODUCTO) values ('18','Neutrogena Nourishing Eye Quad','43');
Insert into ISIS2304B041720.ENTRADAS (ID,NAME,ID_PRODUCTO) values ('19','Ovaplex','42');
Insert into ISIS2304B041720.ENTRADAS (ID,NAME,ID_PRODUCTO) values ('20','Nitrofurantoin Monohydrate/ Macrocrystalline','41');
REM INSERTING into ISIS2304B041720.INGREDIENTES
SET DEFINE OFF;
Insert into ISIS2304B041720.INGREDIENTES (ID,NAME,DESCRIPCION,DESCRIPTION) values ('1','Chicken - Wieners','Mauris sit amet eros.','In est risus, auctor sed, tristique in, tempus sit amet, sem.');
Insert into ISIS2304B041720.INGREDIENTES (ID,NAME,DESCRIPCION,DESCRIPTION) values ('2','Bread Foccacia Whole','Mauris lacinia sapien quis libero.','Cum sociis natoque penatibus et magnis dis parturient montes, nascetur ridiculus mus.');
Insert into ISIS2304B041720.INGREDIENTES (ID,NAME,DESCRIPCION,DESCRIPTION) values ('3','Vermouth - White, Cinzano','Vestibulum ante ipsum primis in faucibus orci luctus et ultrices posuere cubilia Curae; Duis faucibus accumsan odio.','Quisque ut erat.');
Insert into ISIS2304B041720.INGREDIENTES (ID,NAME,DESCRIPCION,DESCRIPTION) values ('4','Soup Campbells Mexicali Tortilla','Nulla mollis molestie lorem.','Nulla tellus.');
Insert into ISIS2304B041720.INGREDIENTES (ID,NAME,DESCRIPCION,DESCRIPTION) values ('5','Bagel - Ched Chs Presliced','Suspendisse potenti.','Morbi odio odio, elementum eu, interdum eu, tincidunt in, leo.');
Insert into ISIS2304B041720.INGREDIENTES (ID,NAME,DESCRIPCION,DESCRIPTION) values ('6','Beef - Tenderloin','Nullam porttitor lacus at turpis.','Duis at velit eu est congue elementum.');
Insert into ISIS2304B041720.INGREDIENTES (ID,NAME,DESCRIPCION,DESCRIPTION) values ('7','Wine - Two Oceans Sauvignon','Donec semper sapien a libero.','Vestibulum rutrum rutrum neque.');
Insert into ISIS2304B041720.INGREDIENTES (ID,NAME,DESCRIPCION,DESCRIPTION) values ('8','Cheese - Marble','Vestibulum ac est lacinia nisi venenatis tristique.','Curabitur convallis.');
Insert into ISIS2304B041720.INGREDIENTES (ID,NAME,DESCRIPCION,DESCRIPTION) values ('9','Rice - Long Grain','Suspendisse potenti.','Ut at dolor quis odio consequat varius.');
Insert into ISIS2304B041720.INGREDIENTES (ID,NAME,DESCRIPCION,DESCRIPTION) values ('10','Yogurt - Strawberry, 175 Gr','Vivamus vestibulum sagittis sapien.','Vestibulum quam sapien, varius ut, blandit non, interdum in, ante.');
Insert into ISIS2304B041720.INGREDIENTES (ID,NAME,DESCRIPCION,DESCRIPTION) values ('11','Pepper - Paprika, Spanish','Lorem ipsum dolor sit amet, consectetuer adipiscing elit.','Proin eu mi.');
Insert into ISIS2304B041720.INGREDIENTES (ID,NAME,DESCRIPCION,DESCRIPTION) values ('12','Ecolab - Ster Bac','Mauris lacinia sapien quis libero.','Nulla suscipit ligula in lacus.');
Insert into ISIS2304B041720.INGREDIENTES (ID,NAME,DESCRIPCION,DESCRIPTION) values ('13','Doilies - 5, Paper','Fusce posuere felis sed lacus.','Vivamus metus arcu, adipiscing molestie, hendrerit at, vulputate vitae, nisl.');
Insert into ISIS2304B041720.INGREDIENTES (ID,NAME,DESCRIPCION,DESCRIPTION) values ('14','Crab - Blue, Frozen','Aliquam non mauris.','In hac habitasse platea dictumst.');
Insert into ISIS2304B041720.INGREDIENTES (ID,NAME,DESCRIPCION,DESCRIPTION) values ('15','Pepper - Red Chili','Morbi odio odio, elementum eu, interdum eu, tincidunt in, leo.','In quis justo.');
Insert into ISIS2304B041720.INGREDIENTES (ID,NAME,DESCRIPCION,DESCRIPTION) values ('16','Pork - Backs - Boneless','Sed sagittis.','Nunc purus.');
Insert into ISIS2304B041720.INGREDIENTES (ID,NAME,DESCRIPCION,DESCRIPTION) values ('17','Bread - Mini Hamburger Bun','Vestibulum ante ipsum primis in faucibus orci luctus et ultrices posuere cubilia Curae; Nulla dapibus dolor vel est.','Mauris enim leo, rhoncus sed, vestibulum sit amet, cursus id, turpis.');
Insert into ISIS2304B041720.INGREDIENTES (ID,NAME,DESCRIPCION,DESCRIPTION) values ('18','Lighter - Bbq','Etiam vel augue.','Vestibulum ante ipsum primis in faucibus orci luctus et ultrices posuere cubilia Curae; Donec pharetra, magna vestibulum aliquet ultrices, erat tortor sollicitudin mi, sit amet lobortis sapien sapien non mi.');
Insert into ISIS2304B041720.INGREDIENTES (ID,NAME,DESCRIPCION,DESCRIPTION) values ('19','Wine - Magnotta - Bel Paese White','Sed accumsan felis.','Nulla nisl.');
Insert into ISIS2304B041720.INGREDIENTES (ID,NAME,DESCRIPCION,DESCRIPTION) values ('20','Truffle Cups - White Paper','Vestibulum sed magna at nunc commodo placerat.','Cras non velit nec nisi vulputate nonummy.');
REM INSERTING into ISIS2304B041720.INGREDIENTESSIMILARES
SET DEFINE OFF;
Insert into ISIS2304B041720.INGREDIENTESSIMILARES (ID_INGREDIENTE1,ID_INGREDIENTE2) values ('1','3');
Insert into ISIS2304B041720.INGREDIENTESSIMILARES (ID_INGREDIENTE1,ID_INGREDIENTE2) values ('2','3');
Insert into ISIS2304B041720.INGREDIENTESSIMILARES (ID_INGREDIENTE1,ID_INGREDIENTE2) values ('2','6');
Insert into ISIS2304B041720.INGREDIENTESSIMILARES (ID_INGREDIENTE1,ID_INGREDIENTE2) values ('4','9');
Insert into ISIS2304B041720.INGREDIENTESSIMILARES (ID_INGREDIENTE1,ID_INGREDIENTE2) values ('5','1');
Insert into ISIS2304B041720.INGREDIENTESSIMILARES (ID_INGREDIENTE1,ID_INGREDIENTE2) values ('6','8');
Insert into ISIS2304B041720.INGREDIENTESSIMILARES (ID_INGREDIENTE1,ID_INGREDIENTE2) values ('7','8');
Insert into ISIS2304B041720.INGREDIENTESSIMILARES (ID_INGREDIENTE1,ID_INGREDIENTE2) values ('7','17');
Insert into ISIS2304B041720.INGREDIENTESSIMILARES (ID_INGREDIENTE1,ID_INGREDIENTE2) values ('8','4');
Insert into ISIS2304B041720.INGREDIENTESSIMILARES (ID_INGREDIENTE1,ID_INGREDIENTE2) values ('9','6');
Insert into ISIS2304B041720.INGREDIENTESSIMILARES (ID_INGREDIENTE1,ID_INGREDIENTE2) values ('10','2');
Insert into ISIS2304B041720.INGREDIENTESSIMILARES (ID_INGREDIENTE1,ID_INGREDIENTE2) values ('11','1');
Insert into ISIS2304B041720.INGREDIENTESSIMILARES (ID_INGREDIENTE1,ID_INGREDIENTE2) values ('12','13');
Insert into ISIS2304B041720.INGREDIENTESSIMILARES (ID_INGREDIENTE1,ID_INGREDIENTE2) values ('12','14');
Insert into ISIS2304B041720.INGREDIENTESSIMILARES (ID_INGREDIENTE1,ID_INGREDIENTE2) values ('14','2');
Insert into ISIS2304B041720.INGREDIENTESSIMILARES (ID_INGREDIENTE1,ID_INGREDIENTE2) values ('16','14');
Insert into ISIS2304B041720.INGREDIENTESSIMILARES (ID_INGREDIENTE1,ID_INGREDIENTE2) values ('18','5');
Insert into ISIS2304B041720.INGREDIENTESSIMILARES (ID_INGREDIENTE1,ID_INGREDIENTE2) values ('18','19');
Insert into ISIS2304B041720.INGREDIENTESSIMILARES (ID_INGREDIENTE1,ID_INGREDIENTE2) values ('19','9');
Insert into ISIS2304B041720.INGREDIENTESSIMILARES (ID_INGREDIENTE1,ID_INGREDIENTE2) values ('20','18');
REM INSERTING into ISIS2304B041720.MENUS
SET DEFINE OFF;
Insert into ISIS2304B041720.MENUS (ID,NAME,ID_PRODUCTO,ID_ENTRADA,ID_PLATOFUERTE,ID_POSTRE,ID_BEBIDA,ID_RESTAURANTE) values ('1','et tempus semper','110','3','3','16','8','23');
Insert into ISIS2304B041720.MENUS (ID,NAME,ID_PRODUCTO,ID_ENTRADA,ID_PLATOFUERTE,ID_POSTRE,ID_BEBIDA,ID_RESTAURANTE) values ('2','mauris sit','109','15','15','1','5','12');
Insert into ISIS2304B041720.MENUS (ID,NAME,ID_PRODUCTO,ID_ENTRADA,ID_PLATOFUERTE,ID_POSTRE,ID_BEBIDA,ID_RESTAURANTE) values ('3','cubilia curae','108','8','7','2','7','18');
Insert into ISIS2304B041720.MENUS (ID,NAME,ID_PRODUCTO,ID_ENTRADA,ID_PLATOFUERTE,ID_POSTRE,ID_BEBIDA,ID_RESTAURANTE) values ('4','vulputate','107','7','16','2','20','39');
Insert into ISIS2304B041720.MENUS (ID,NAME,ID_PRODUCTO,ID_ENTRADA,ID_PLATOFUERTE,ID_POSTRE,ID_BEBIDA,ID_RESTAURANTE) values ('5','sit amet','106','3','9','16','13','25');
Insert into ISIS2304B041720.MENUS (ID,NAME,ID_PRODUCTO,ID_ENTRADA,ID_PLATOFUERTE,ID_POSTRE,ID_BEBIDA,ID_RESTAURANTE) values ('6','duis ac','105','14','15','16','14','28');
Insert into ISIS2304B041720.MENUS (ID,NAME,ID_PRODUCTO,ID_ENTRADA,ID_PLATOFUERTE,ID_POSTRE,ID_BEBIDA,ID_RESTAURANTE) values ('7','justo','104','17','1','12','17','29');
Insert into ISIS2304B041720.MENUS (ID,NAME,ID_PRODUCTO,ID_ENTRADA,ID_PLATOFUERTE,ID_POSTRE,ID_BEBIDA,ID_RESTAURANTE) values ('8','ultrices','103','14','13','14','6','22');
Insert into ISIS2304B041720.MENUS (ID,NAME,ID_PRODUCTO,ID_ENTRADA,ID_PLATOFUERTE,ID_POSTRE,ID_BEBIDA,ID_RESTAURANTE) values ('9','sapien','102','18','20','12','10','32');
Insert into ISIS2304B041720.MENUS (ID,NAME,ID_PRODUCTO,ID_ENTRADA,ID_PLATOFUERTE,ID_POSTRE,ID_BEBIDA,ID_RESTAURANTE) values ('10','ante nulla justo','101','6','4','6','6','7');
Insert into ISIS2304B041720.MENUS (ID,NAME,ID_PRODUCTO,ID_ENTRADA,ID_PLATOFUERTE,ID_POSTRE,ID_BEBIDA,ID_RESTAURANTE) values ('11','consequat in','100','18','6','2','4','4');
Insert into ISIS2304B041720.MENUS (ID,NAME,ID_PRODUCTO,ID_ENTRADA,ID_PLATOFUERTE,ID_POSTRE,ID_BEBIDA,ID_RESTAURANTE) values ('12','congue eget semper','99','17','5','14','13','28');
Insert into ISIS2304B041720.MENUS (ID,NAME,ID_PRODUCTO,ID_ENTRADA,ID_PLATOFUERTE,ID_POSTRE,ID_BEBIDA,ID_RESTAURANTE) values ('13','velit','98','4','4','3','17','16');
Insert into ISIS2304B041720.MENUS (ID,NAME,ID_PRODUCTO,ID_ENTRADA,ID_PLATOFUERTE,ID_POSTRE,ID_BEBIDA,ID_RESTAURANTE) values ('14','elementum','97','3','8','13','10','7');
Insert into ISIS2304B041720.MENUS (ID,NAME,ID_PRODUCTO,ID_ENTRADA,ID_PLATOFUERTE,ID_POSTRE,ID_BEBIDA,ID_RESTAURANTE) values ('15','blandit non','96','17','18','13','15','17');
Insert into ISIS2304B041720.MENUS (ID,NAME,ID_PRODUCTO,ID_ENTRADA,ID_PLATOFUERTE,ID_POSTRE,ID_BEBIDA,ID_RESTAURANTE) values ('16','luctus et ultrices','95','11','7','13','11','11');
Insert into ISIS2304B041720.MENUS (ID,NAME,ID_PRODUCTO,ID_ENTRADA,ID_PLATOFUERTE,ID_POSTRE,ID_BEBIDA,ID_RESTAURANTE) values ('17','lorem','94','5','14','12','11','19');
Insert into ISIS2304B041720.MENUS (ID,NAME,ID_PRODUCTO,ID_ENTRADA,ID_PLATOFUERTE,ID_POSTRE,ID_BEBIDA,ID_RESTAURANTE) values ('18','mauris ullamcorper purus','93','10','2','12','9','40');
Insert into ISIS2304B041720.MENUS (ID,NAME,ID_PRODUCTO,ID_ENTRADA,ID_PLATOFUERTE,ID_POSTRE,ID_BEBIDA,ID_RESTAURANTE) values ('19','erat eros viverra','92','4','18','6','5','37');
Insert into ISIS2304B041720.MENUS (ID,NAME,ID_PRODUCTO,ID_ENTRADA,ID_PLATOFUERTE,ID_POSTRE,ID_BEBIDA,ID_RESTAURANTE) values ('20','duis ac nibh','91','3','9','6','16','3');
Insert into ISIS2304B041720.MENUS (ID,NAME,ID_PRODUCTO,ID_ENTRADA,ID_PLATOFUERTE,ID_POSTRE,ID_BEBIDA,ID_RESTAURANTE) values ('21','diam vitae quam','90','20','15','12','18','16');
Insert into ISIS2304B041720.MENUS (ID,NAME,ID_PRODUCTO,ID_ENTRADA,ID_PLATOFUERTE,ID_POSTRE,ID_BEBIDA,ID_RESTAURANTE) values ('22','semper rutrum nulla','89','15','15','8','10','5');
Insert into ISIS2304B041720.MENUS (ID,NAME,ID_PRODUCTO,ID_ENTRADA,ID_PLATOFUERTE,ID_POSTRE,ID_BEBIDA,ID_RESTAURANTE) values ('23','nulla','88','4','15','11','17','30');
Insert into ISIS2304B041720.MENUS (ID,NAME,ID_PRODUCTO,ID_ENTRADA,ID_PLATOFUERTE,ID_POSTRE,ID_BEBIDA,ID_RESTAURANTE) values ('24','libero non mattis','87','3','2','4','14','37');
Insert into ISIS2304B041720.MENUS (ID,NAME,ID_PRODUCTO,ID_ENTRADA,ID_PLATOFUERTE,ID_POSTRE,ID_BEBIDA,ID_RESTAURANTE) values ('25','nam ultrices libero','86','18','1','5','16','37');
Insert into ISIS2304B041720.MENUS (ID,NAME,ID_PRODUCTO,ID_ENTRADA,ID_PLATOFUERTE,ID_POSTRE,ID_BEBIDA,ID_RESTAURANTE) values ('26','sed','85','20','14','10','8','1');
Insert into ISIS2304B041720.MENUS (ID,NAME,ID_PRODUCTO,ID_ENTRADA,ID_PLATOFUERTE,ID_POSTRE,ID_BEBIDA,ID_RESTAURANTE) values ('27','duis at','84','18','19','6','5','3');
Insert into ISIS2304B041720.MENUS (ID,NAME,ID_PRODUCTO,ID_ENTRADA,ID_PLATOFUERTE,ID_POSTRE,ID_BEBIDA,ID_RESTAURANTE) values ('28','suspendisse','83','6','19','2','17','22');
Insert into ISIS2304B041720.MENUS (ID,NAME,ID_PRODUCTO,ID_ENTRADA,ID_PLATOFUERTE,ID_POSTRE,ID_BEBIDA,ID_RESTAURANTE) values ('29','potenti nullam','82','13','12','1','19','20');
Insert into ISIS2304B041720.MENUS (ID,NAME,ID_PRODUCTO,ID_ENTRADA,ID_PLATOFUERTE,ID_POSTRE,ID_BEBIDA,ID_RESTAURANTE) values ('30','in','81','18','16','16','14','32');
REM INSERTING into ISIS2304B041720.ORDENES
SET DEFINE OFF;
Insert into ISIS2304B041720.ORDENES (ID,COSTOTOTAL,FECHA) values ('1','626380',to_timestamp('02/06/17 11:25:39,000000000 PM','DD/MM/RR HH12:MI:SSXFF AM'));
Insert into ISIS2304B041720.ORDENES (ID,COSTOTOTAL,FECHA) values ('2','315777',to_timestamp('18/08/17 09:21:02,000000000 PM','DD/MM/RR HH12:MI:SSXFF AM'));
Insert into ISIS2304B041720.ORDENES (ID,COSTOTOTAL,FECHA) values ('3','752876',to_timestamp('11/02/17 12:18:02,000000000 PM','DD/MM/RR HH12:MI:SSXFF AM'));
Insert into ISIS2304B041720.ORDENES (ID,COSTOTOTAL,FECHA) values ('4','587830',to_timestamp('09/09/17 10:33:03,000000000 AM','DD/MM/RR HH12:MI:SSXFF AM'));
Insert into ISIS2304B041720.ORDENES (ID,COSTOTOTAL,FECHA) values ('5','458269',to_timestamp('09/03/17 07:37:09,000000000 PM','DD/MM/RR HH12:MI:SSXFF AM'));
Insert into ISIS2304B041720.ORDENES (ID,COSTOTOTAL,FECHA) values ('6','629086',to_timestamp('09/03/17 03:29:57,000000000 AM','DD/MM/RR HH12:MI:SSXFF AM'));
Insert into ISIS2304B041720.ORDENES (ID,COSTOTOTAL,FECHA) values ('7','983516',to_timestamp('06/12/16 02:59:08,000000000 AM','DD/MM/RR HH12:MI:SSXFF AM'));
Insert into ISIS2304B041720.ORDENES (ID,COSTOTOTAL,FECHA) values ('8','39465',to_timestamp('05/01/17 02:29:33,000000000 PM','DD/MM/RR HH12:MI:SSXFF AM'));
Insert into ISIS2304B041720.ORDENES (ID,COSTOTOTAL,FECHA) values ('9','582758',to_timestamp('23/06/17 11:16:42,000000000 PM','DD/MM/RR HH12:MI:SSXFF AM'));
Insert into ISIS2304B041720.ORDENES (ID,COSTOTOTAL,FECHA) values ('10','21353',to_timestamp('15/10/16 04:27:29,000000000 PM','DD/MM/RR HH12:MI:SSXFF AM'));
Insert into ISIS2304B041720.ORDENES (ID,COSTOTOTAL,FECHA) values ('11','234787',to_timestamp('09/02/17 10:14:09,000000000 PM','DD/MM/RR HH12:MI:SSXFF AM'));
Insert into ISIS2304B041720.ORDENES (ID,COSTOTOTAL,FECHA) values ('12','750048',to_timestamp('03/12/16 03:00:03,000000000 AM','DD/MM/RR HH12:MI:SSXFF AM'));
Insert into ISIS2304B041720.ORDENES (ID,COSTOTOTAL,FECHA) values ('13','477717',to_timestamp('08/11/16 03:06:07,000000000 PM','DD/MM/RR HH12:MI:SSXFF AM'));
Insert into ISIS2304B041720.ORDENES (ID,COSTOTOTAL,FECHA) values ('14','747770',to_timestamp('24/01/17 10:23:01,000000000 PM','DD/MM/RR HH12:MI:SSXFF AM'));
Insert into ISIS2304B041720.ORDENES (ID,COSTOTOTAL,FECHA) values ('15','250191',to_timestamp('23/04/17 01:52:32,000000000 PM','DD/MM/RR HH12:MI:SSXFF AM'));
Insert into ISIS2304B041720.ORDENES (ID,COSTOTOTAL,FECHA) values ('16','688365',to_timestamp('25/04/17 07:12:42,000000000 AM','DD/MM/RR HH12:MI:SSXFF AM'));
Insert into ISIS2304B041720.ORDENES (ID,COSTOTOTAL,FECHA) values ('17','684391',to_timestamp('19/10/16 08:29:24,000000000 AM','DD/MM/RR HH12:MI:SSXFF AM'));
Insert into ISIS2304B041720.ORDENES (ID,COSTOTOTAL,FECHA) values ('18','609239',to_timestamp('27/01/17 04:33:27,000000000 PM','DD/MM/RR HH12:MI:SSXFF AM'));
Insert into ISIS2304B041720.ORDENES (ID,COSTOTOTAL,FECHA) values ('19','954002',to_timestamp('06/02/17 02:11:16,000000000 PM','DD/MM/RR HH12:MI:SSXFF AM'));
Insert into ISIS2304B041720.ORDENES (ID,COSTOTOTAL,FECHA) values ('20','389049',to_timestamp('29/06/17 12:32:33,000000000 PM','DD/MM/RR HH12:MI:SSXFF AM'));
Insert into ISIS2304B041720.ORDENES (ID,COSTOTOTAL,FECHA) values ('21','144432',to_timestamp('14/07/17 07:30:33,000000000 PM','DD/MM/RR HH12:MI:SSXFF AM'));
Insert into ISIS2304B041720.ORDENES (ID,COSTOTOTAL,FECHA) values ('22','94174',to_timestamp('08/09/17 12:47:32,000000000 PM','DD/MM/RR HH12:MI:SSXFF AM'));
Insert into ISIS2304B041720.ORDENES (ID,COSTOTOTAL,FECHA) values ('23','892900',to_timestamp('29/12/16 09:14:36,000000000 PM','DD/MM/RR HH12:MI:SSXFF AM'));
Insert into ISIS2304B041720.ORDENES (ID,COSTOTOTAL,FECHA) values ('24','860782',to_timestamp('22/08/17 08:31:23,000000000 PM','DD/MM/RR HH12:MI:SSXFF AM'));
Insert into ISIS2304B041720.ORDENES (ID,COSTOTOTAL,FECHA) values ('25','728975',to_timestamp('13/04/17 05:43:29,000000000 PM','DD/MM/RR HH12:MI:SSXFF AM'));
Insert into ISIS2304B041720.ORDENES (ID,COSTOTOTAL,FECHA) values ('26','734018',to_timestamp('08/02/17 12:41:59,000000000 PM','DD/MM/RR HH12:MI:SSXFF AM'));
Insert into ISIS2304B041720.ORDENES (ID,COSTOTOTAL,FECHA) values ('27','127209',to_timestamp('31/10/16 09:12:29,000000000 AM','DD/MM/RR HH12:MI:SSXFF AM'));
Insert into ISIS2304B041720.ORDENES (ID,COSTOTOTAL,FECHA) values ('28','967376',to_timestamp('29/04/17 03:40:53,000000000 PM','DD/MM/RR HH12:MI:SSXFF AM'));
Insert into ISIS2304B041720.ORDENES (ID,COSTOTOTAL,FECHA) values ('29','278714',to_timestamp('31/10/16 05:07:37,000000000 AM','DD/MM/RR HH12:MI:SSXFF AM'));
Insert into ISIS2304B041720.ORDENES (ID,COSTOTOTAL,FECHA) values ('30','898512',to_timestamp('11/09/17 08:38:16,000000000 PM','DD/MM/RR HH12:MI:SSXFF AM'));
Insert into ISIS2304B041720.ORDENES (ID,COSTOTOTAL,FECHA) values ('31','524810',to_timestamp('24/08/17 03:29:43,000000000 PM','DD/MM/RR HH12:MI:SSXFF AM'));
Insert into ISIS2304B041720.ORDENES (ID,COSTOTOTAL,FECHA) values ('32','711413',to_timestamp('11/07/17 01:36:49,000000000 PM','DD/MM/RR HH12:MI:SSXFF AM'));
Insert into ISIS2304B041720.ORDENES (ID,COSTOTOTAL,FECHA) values ('33','728832',to_timestamp('27/05/17 07:08:58,000000000 PM','DD/MM/RR HH12:MI:SSXFF AM'));
Insert into ISIS2304B041720.ORDENES (ID,COSTOTOTAL,FECHA) values ('34','854951',to_timestamp('19/06/17 04:34:07,000000000 AM','DD/MM/RR HH12:MI:SSXFF AM'));
Insert into ISIS2304B041720.ORDENES (ID,COSTOTOTAL,FECHA) values ('35','472600',to_timestamp('22/05/17 10:49:45,000000000 AM','DD/MM/RR HH12:MI:SSXFF AM'));
Insert into ISIS2304B041720.ORDENES (ID,COSTOTOTAL,FECHA) values ('36','398898',to_timestamp('26/12/16 06:26:34,000000000 AM','DD/MM/RR HH12:MI:SSXFF AM'));
Insert into ISIS2304B041720.ORDENES (ID,COSTOTOTAL,FECHA) values ('37','895783',to_timestamp('24/06/17 07:30:02,000000000 PM','DD/MM/RR HH12:MI:SSXFF AM'));
Insert into ISIS2304B041720.ORDENES (ID,COSTOTOTAL,FECHA) values ('38','730514',to_timestamp('07/10/16 01:20:04,000000000 PM','DD/MM/RR HH12:MI:SSXFF AM'));
Insert into ISIS2304B041720.ORDENES (ID,COSTOTOTAL,FECHA) values ('39','315525',to_timestamp('10/04/17 03:18:05,000000000 AM','DD/MM/RR HH12:MI:SSXFF AM'));
Insert into ISIS2304B041720.ORDENES (ID,COSTOTOTAL,FECHA) values ('40','641375',to_timestamp('17/09/17 06:10:45,000000000 AM','DD/MM/RR HH12:MI:SSXFF AM'));
REM INSERTING into ISIS2304B041720.PEDIDOS
SET DEFINE OFF;
Insert into ISIS2304B041720.PEDIDOS (ID,ID_CLIENTE,ID_PRODUCTO,FECHA,SERVIDO) values ('1','13','97',to_timestamp('01/01/17 06:27:19,000000000 PM','DD/MM/RR HH12:MI:SSXFF AM'),'0');
Insert into ISIS2304B041720.PEDIDOS (ID,ID_CLIENTE,ID_PRODUCTO,FECHA,SERVIDO) values ('2','27','84',to_timestamp('23/05/16 10:17:51,000000000 PM','DD/MM/RR HH12:MI:SSXFF AM'),'1');
Insert into ISIS2304B041720.PEDIDOS (ID,ID_CLIENTE,ID_PRODUCTO,FECHA,SERVIDO) values ('3','6','101',to_timestamp('02/05/16 07:36:23,000000000 AM','DD/MM/RR HH12:MI:SSXFF AM'),'0');
Insert into ISIS2304B041720.PEDIDOS (ID,ID_CLIENTE,ID_PRODUCTO,FECHA,SERVIDO) values ('4','32','20',to_timestamp('08/02/16 04:47:12,000000000 AM','DD/MM/RR HH12:MI:SSXFF AM'),'1');
Insert into ISIS2304B041720.PEDIDOS (ID,ID_CLIENTE,ID_PRODUCTO,FECHA,SERVIDO) values ('5','27','95',to_timestamp('03/09/16 07:53:39,000000000 PM','DD/MM/RR HH12:MI:SSXFF AM'),'0');
Insert into ISIS2304B041720.PEDIDOS (ID,ID_CLIENTE,ID_PRODUCTO,FECHA,SERVIDO) values ('6','11','104',to_timestamp('01/08/16 10:35:15,000000000 PM','DD/MM/RR HH12:MI:SSXFF AM'),'0');
Insert into ISIS2304B041720.PEDIDOS (ID,ID_CLIENTE,ID_PRODUCTO,FECHA,SERVIDO) values ('7','33','28',to_timestamp('03/05/17 10:18:08,000000000 PM','DD/MM/RR HH12:MI:SSXFF AM'),'0');
Insert into ISIS2304B041720.PEDIDOS (ID,ID_CLIENTE,ID_PRODUCTO,FECHA,SERVIDO) values ('8','4','43',to_timestamp('05/08/17 06:51:16,000000000 AM','DD/MM/RR HH12:MI:SSXFF AM'),'0');
Insert into ISIS2304B041720.PEDIDOS (ID,ID_CLIENTE,ID_PRODUCTO,FECHA,SERVIDO) values ('9','8','49',to_timestamp('07/03/16 04:24:43,000000000 AM','DD/MM/RR HH12:MI:SSXFF AM'),'1');
Insert into ISIS2304B041720.PEDIDOS (ID,ID_CLIENTE,ID_PRODUCTO,FECHA,SERVIDO) values ('10','19','33',to_timestamp('29/08/17 11:50:41,000000000 PM','DD/MM/RR HH12:MI:SSXFF AM'),'0');
Insert into ISIS2304B041720.PEDIDOS (ID,ID_CLIENTE,ID_PRODUCTO,FECHA,SERVIDO) values ('11','7','44',to_timestamp('03/10/17 10:11:52,000000000 PM','DD/MM/RR HH12:MI:SSXFF AM'),'1');
Insert into ISIS2304B041720.PEDIDOS (ID,ID_CLIENTE,ID_PRODUCTO,FECHA,SERVIDO) values ('12','21','106',to_timestamp('26/02/17 10:21:34,000000000 PM','DD/MM/RR HH12:MI:SSXFF AM'),'1');
Insert into ISIS2304B041720.PEDIDOS (ID,ID_CLIENTE,ID_PRODUCTO,FECHA,SERVIDO) values ('13','7','78',to_timestamp('07/10/16 04:06:17,000000000 PM','DD/MM/RR HH12:MI:SSXFF AM'),'1');
Insert into ISIS2304B041720.PEDIDOS (ID,ID_CLIENTE,ID_PRODUCTO,FECHA,SERVIDO) values ('14','17','93',to_timestamp('06/03/16 07:05:33,000000000 PM','DD/MM/RR HH12:MI:SSXFF AM'),'1');
Insert into ISIS2304B041720.PEDIDOS (ID,ID_CLIENTE,ID_PRODUCTO,FECHA,SERVIDO) values ('15','40','72',to_timestamp('27/09/17 11:51:09,000000000 PM','DD/MM/RR HH12:MI:SSXFF AM'),'0');
Insert into ISIS2304B041720.PEDIDOS (ID,ID_CLIENTE,ID_PRODUCTO,FECHA,SERVIDO) values ('16','27','100',to_timestamp('09/08/17 08:30:54,000000000 AM','DD/MM/RR HH12:MI:SSXFF AM'),'1');
Insert into ISIS2304B041720.PEDIDOS (ID,ID_CLIENTE,ID_PRODUCTO,FECHA,SERVIDO) values ('17','20','26',to_timestamp('19/07/17 05:29:02,000000000 AM','DD/MM/RR HH12:MI:SSXFF AM'),'1');
Insert into ISIS2304B041720.PEDIDOS (ID,ID_CLIENTE,ID_PRODUCTO,FECHA,SERVIDO) values ('18','38','51',to_timestamp('29/01/16 11:29:29,000000000 AM','DD/MM/RR HH12:MI:SSXFF AM'),'1');
Insert into ISIS2304B041720.PEDIDOS (ID,ID_CLIENTE,ID_PRODUCTO,FECHA,SERVIDO) values ('19','1','68',to_timestamp('08/02/17 09:24:30,000000000 AM','DD/MM/RR HH12:MI:SSXFF AM'),'0');
Insert into ISIS2304B041720.PEDIDOS (ID,ID_CLIENTE,ID_PRODUCTO,FECHA,SERVIDO) values ('20','23','79',to_timestamp('02/08/16 01:18:42,000000000 PM','DD/MM/RR HH12:MI:SSXFF AM'),'0');
Insert into ISIS2304B041720.PEDIDOS (ID,ID_CLIENTE,ID_PRODUCTO,FECHA,SERVIDO) values ('21','7','59',to_timestamp('29/07/16 12:20:30,000000000 PM','DD/MM/RR HH12:MI:SSXFF AM'),'1');
Insert into ISIS2304B041720.PEDIDOS (ID,ID_CLIENTE,ID_PRODUCTO,FECHA,SERVIDO) values ('22','14','26',to_timestamp('05/10/16 06:33:49,000000000 AM','DD/MM/RR HH12:MI:SSXFF AM'),'0');
Insert into ISIS2304B041720.PEDIDOS (ID,ID_CLIENTE,ID_PRODUCTO,FECHA,SERVIDO) values ('23','12','45',to_timestamp('02/03/16 01:03:56,000000000 PM','DD/MM/RR HH12:MI:SSXFF AM'),'0');
Insert into ISIS2304B041720.PEDIDOS (ID,ID_CLIENTE,ID_PRODUCTO,FECHA,SERVIDO) values ('24','2','9',to_timestamp('23/07/16 06:25:31,000000000 AM','DD/MM/RR HH12:MI:SSXFF AM'),'1');
Insert into ISIS2304B041720.PEDIDOS (ID,ID_CLIENTE,ID_PRODUCTO,FECHA,SERVIDO) values ('25','40','28',to_timestamp('12/03/16 10:28:27,000000000 PM','DD/MM/RR HH12:MI:SSXFF AM'),'1');
Insert into ISIS2304B041720.PEDIDOS (ID,ID_CLIENTE,ID_PRODUCTO,FECHA,SERVIDO) values ('26','10','93',to_timestamp('22/07/16 06:17:39,000000000 PM','DD/MM/RR HH12:MI:SSXFF AM'),'0');
Insert into ISIS2304B041720.PEDIDOS (ID,ID_CLIENTE,ID_PRODUCTO,FECHA,SERVIDO) values ('27','33','41',to_timestamp('21/08/17 04:01:44,000000000 PM','DD/MM/RR HH12:MI:SSXFF AM'),'0');
Insert into ISIS2304B041720.PEDIDOS (ID,ID_CLIENTE,ID_PRODUCTO,FECHA,SERVIDO) values ('28','29','65',to_timestamp('01/03/16 06:15:18,000000000 AM','DD/MM/RR HH12:MI:SSXFF AM'),'1');
Insert into ISIS2304B041720.PEDIDOS (ID,ID_CLIENTE,ID_PRODUCTO,FECHA,SERVIDO) values ('29','38','80',to_timestamp('19/05/16 02:10:00,000000000 PM','DD/MM/RR HH12:MI:SSXFF AM'),'0');
Insert into ISIS2304B041720.PEDIDOS (ID,ID_CLIENTE,ID_PRODUCTO,FECHA,SERVIDO) values ('30','15','53',to_timestamp('25/05/17 09:30:39,000000000 PM','DD/MM/RR HH12:MI:SSXFF AM'),'0');
Insert into ISIS2304B041720.PEDIDOS (ID,ID_CLIENTE,ID_PRODUCTO,FECHA,SERVIDO) values ('31','30','48',to_timestamp('22/09/16 03:09:07,000000000 AM','DD/MM/RR HH12:MI:SSXFF AM'),'1');
Insert into ISIS2304B041720.PEDIDOS (ID,ID_CLIENTE,ID_PRODUCTO,FECHA,SERVIDO) values ('32','15','1',to_timestamp('02/01/16 02:05:56,000000000 AM','DD/MM/RR HH12:MI:SSXFF AM'),'0');
Insert into ISIS2304B041720.PEDIDOS (ID,ID_CLIENTE,ID_PRODUCTO,FECHA,SERVIDO) values ('33','2','67',to_timestamp('04/06/16 04:32:00,000000000 AM','DD/MM/RR HH12:MI:SSXFF AM'),'1');
Insert into ISIS2304B041720.PEDIDOS (ID,ID_CLIENTE,ID_PRODUCTO,FECHA,SERVIDO) values ('34','4','78',to_timestamp('11/06/16 02:34:37,000000000 AM','DD/MM/RR HH12:MI:SSXFF AM'),'0');
Insert into ISIS2304B041720.PEDIDOS (ID,ID_CLIENTE,ID_PRODUCTO,FECHA,SERVIDO) values ('35','23','61',to_timestamp('30/12/16 06:38:00,000000000 AM','DD/MM/RR HH12:MI:SSXFF AM'),'0');
Insert into ISIS2304B041720.PEDIDOS (ID,ID_CLIENTE,ID_PRODUCTO,FECHA,SERVIDO) values ('36','30','83',to_timestamp('17/10/16 05:17:49,000000000 PM','DD/MM/RR HH12:MI:SSXFF AM'),'0');
Insert into ISIS2304B041720.PEDIDOS (ID,ID_CLIENTE,ID_PRODUCTO,FECHA,SERVIDO) values ('37','3','35',to_timestamp('05/05/16 12:24:51,000000000 PM','DD/MM/RR HH12:MI:SSXFF AM'),'1');
Insert into ISIS2304B041720.PEDIDOS (ID,ID_CLIENTE,ID_PRODUCTO,FECHA,SERVIDO) values ('38','1','89',to_timestamp('12/03/17 09:18:16,000000000 PM','DD/MM/RR HH12:MI:SSXFF AM'),'0');
Insert into ISIS2304B041720.PEDIDOS (ID,ID_CLIENTE,ID_PRODUCTO,FECHA,SERVIDO) values ('39','2','90',to_timestamp('12/08/16 06:29:40,000000000 AM','DD/MM/RR HH12:MI:SSXFF AM'),'0');
Insert into ISIS2304B041720.PEDIDOS (ID,ID_CLIENTE,ID_PRODUCTO,FECHA,SERVIDO) values ('40','4','48',to_timestamp('30/04/17 07:47:57,000000000 AM','DD/MM/RR HH12:MI:SSXFF AM'),'1');
REM INSERTING into ISIS2304B041720.PEDIDOSDEORDEN
SET DEFINE OFF;
Insert into ISIS2304B041720.PEDIDOSDEORDEN (ID_ORDEN,ID_PEDIDO) values ('1','11');
Insert into ISIS2304B041720.PEDIDOSDEORDEN (ID_ORDEN,ID_PEDIDO) values ('2','2');
Insert into ISIS2304B041720.PEDIDOSDEORDEN (ID_ORDEN,ID_PEDIDO) values ('4','39');
Insert into ISIS2304B041720.PEDIDOSDEORDEN (ID_ORDEN,ID_PEDIDO) values ('5','18');
Insert into ISIS2304B041720.PEDIDOSDEORDEN (ID_ORDEN,ID_PEDIDO) values ('6','16');
Insert into ISIS2304B041720.PEDIDOSDEORDEN (ID_ORDEN,ID_PEDIDO) values ('6','25');
Insert into ISIS2304B041720.PEDIDOSDEORDEN (ID_ORDEN,ID_PEDIDO) values ('9','39');
Insert into ISIS2304B041720.PEDIDOSDEORDEN (ID_ORDEN,ID_PEDIDO) values ('10','21');
Insert into ISIS2304B041720.PEDIDOSDEORDEN (ID_ORDEN,ID_PEDIDO) values ('12','6');
Insert into ISIS2304B041720.PEDIDOSDEORDEN (ID_ORDEN,ID_PEDIDO) values ('13','13');
Insert into ISIS2304B041720.PEDIDOSDEORDEN (ID_ORDEN,ID_PEDIDO) values ('13','15');
Insert into ISIS2304B041720.PEDIDOSDEORDEN (ID_ORDEN,ID_PEDIDO) values ('14','13');
Insert into ISIS2304B041720.PEDIDOSDEORDEN (ID_ORDEN,ID_PEDIDO) values ('15','6');
Insert into ISIS2304B041720.PEDIDOSDEORDEN (ID_ORDEN,ID_PEDIDO) values ('15','16');
Insert into ISIS2304B041720.PEDIDOSDEORDEN (ID_ORDEN,ID_PEDIDO) values ('15','17');
Insert into ISIS2304B041720.PEDIDOSDEORDEN (ID_ORDEN,ID_PEDIDO) values ('15','30');
Insert into ISIS2304B041720.PEDIDOSDEORDEN (ID_ORDEN,ID_PEDIDO) values ('17','35');
Insert into ISIS2304B041720.PEDIDOSDEORDEN (ID_ORDEN,ID_PEDIDO) values ('19','17');
Insert into ISIS2304B041720.PEDIDOSDEORDEN (ID_ORDEN,ID_PEDIDO) values ('19','31');
Insert into ISIS2304B041720.PEDIDOSDEORDEN (ID_ORDEN,ID_PEDIDO) values ('20','14');
Insert into ISIS2304B041720.PEDIDOSDEORDEN (ID_ORDEN,ID_PEDIDO) values ('20','24');
Insert into ISIS2304B041720.PEDIDOSDEORDEN (ID_ORDEN,ID_PEDIDO) values ('21','18');
Insert into ISIS2304B041720.PEDIDOSDEORDEN (ID_ORDEN,ID_PEDIDO) values ('21','23');
Insert into ISIS2304B041720.PEDIDOSDEORDEN (ID_ORDEN,ID_PEDIDO) values ('23','7');
Insert into ISIS2304B041720.PEDIDOSDEORDEN (ID_ORDEN,ID_PEDIDO) values ('24','21');
Insert into ISIS2304B041720.PEDIDOSDEORDEN (ID_ORDEN,ID_PEDIDO) values ('24','25');
Insert into ISIS2304B041720.PEDIDOSDEORDEN (ID_ORDEN,ID_PEDIDO) values ('29','19');
Insert into ISIS2304B041720.PEDIDOSDEORDEN (ID_ORDEN,ID_PEDIDO) values ('30','34');
Insert into ISIS2304B041720.PEDIDOSDEORDEN (ID_ORDEN,ID_PEDIDO) values ('31','32');
Insert into ISIS2304B041720.PEDIDOSDEORDEN (ID_ORDEN,ID_PEDIDO) values ('33','6');
Insert into ISIS2304B041720.PEDIDOSDEORDEN (ID_ORDEN,ID_PEDIDO) values ('33','40');
Insert into ISIS2304B041720.PEDIDOSDEORDEN (ID_ORDEN,ID_PEDIDO) values ('34','5');
Insert into ISIS2304B041720.PEDIDOSDEORDEN (ID_ORDEN,ID_PEDIDO) values ('35','1');
Insert into ISIS2304B041720.PEDIDOSDEORDEN (ID_ORDEN,ID_PEDIDO) values ('36','18');
Insert into ISIS2304B041720.PEDIDOSDEORDEN (ID_ORDEN,ID_PEDIDO) values ('36','38');
Insert into ISIS2304B041720.PEDIDOSDEORDEN (ID_ORDEN,ID_PEDIDO) values ('37','15');
Insert into ISIS2304B041720.PEDIDOSDEORDEN (ID_ORDEN,ID_PEDIDO) values ('38','19');
Insert into ISIS2304B041720.PEDIDOSDEORDEN (ID_ORDEN,ID_PEDIDO) values ('38','22');
Insert into ISIS2304B041720.PEDIDOSDEORDEN (ID_ORDEN,ID_PEDIDO) values ('38','38');
Insert into ISIS2304B041720.PEDIDOSDEORDEN (ID_ORDEN,ID_PEDIDO) values ('39','6');
REM INSERTING into ISIS2304B041720.PLATOSFUERTES
SET DEFINE OFF;
Insert into ISIS2304B041720.PLATOSFUERTES (ID,NAME,ID_ACOMPANIAMIENTO,ID_PRODUCTO) values ('1','Natroba','20','80');
Insert into ISIS2304B041720.PLATOSFUERTES (ID,NAME,ID_ACOMPANIAMIENTO,ID_PRODUCTO) values ('2','Topiramate','6','79');
Insert into ISIS2304B041720.PLATOSFUERTES (ID,NAME,ID_ACOMPANIAMIENTO,ID_PRODUCTO) values ('3','Epinephrine','17','78');
Insert into ISIS2304B041720.PLATOSFUERTES (ID,NAME,ID_ACOMPANIAMIENTO,ID_PRODUCTO) values ('4','Hydrocortisone','7','77');
Insert into ISIS2304B041720.PLATOSFUERTES (ID,NAME,ID_ACOMPANIAMIENTO,ID_PRODUCTO) values ('5','Glimepiride','20','76');
Insert into ISIS2304B041720.PLATOSFUERTES (ID,NAME,ID_ACOMPANIAMIENTO,ID_PRODUCTO) values ('6','Amlodipine and Benazepril Hydrochloride','19','75');
Insert into ISIS2304B041720.PLATOSFUERTES (ID,NAME,ID_ACOMPANIAMIENTO,ID_PRODUCTO) values ('7','Geri-Dryl allergy relief','8','74');
Insert into ISIS2304B041720.PLATOSFUERTES (ID,NAME,ID_ACOMPANIAMIENTO,ID_PRODUCTO) values ('8','Irbesartan','3','73');
Insert into ISIS2304B041720.PLATOSFUERTES (ID,NAME,ID_ACOMPANIAMIENTO,ID_PRODUCTO) values ('9','Indomethacin','17','72');
Insert into ISIS2304B041720.PLATOSFUERTES (ID,NAME,ID_ACOMPANIAMIENTO,ID_PRODUCTO) values ('10','Ivory Oil Controlling Makeup Broad Spectrum SPF 15','16','71');
Insert into ISIS2304B041720.PLATOSFUERTES (ID,NAME,ID_ACOMPANIAMIENTO,ID_PRODUCTO) values ('11','LISINOPRIL AND HYDROCHLOROTHIAZIDE','5','70');
Insert into ISIS2304B041720.PLATOSFUERTES (ID,NAME,ID_ACOMPANIAMIENTO,ID_PRODUCTO) values ('12','Carvedilol','19','69');
Insert into ISIS2304B041720.PLATOSFUERTES (ID,NAME,ID_ACOMPANIAMIENTO,ID_PRODUCTO) values ('13','CRESTOR','2','68');
Insert into ISIS2304B041720.PLATOSFUERTES (ID,NAME,ID_ACOMPANIAMIENTO,ID_PRODUCTO) values ('14','Firazyr','5','67');
Insert into ISIS2304B041720.PLATOSFUERTES (ID,NAME,ID_ACOMPANIAMIENTO,ID_PRODUCTO) values ('15','waterless anti bacterial hand sanitizer','3','66');
Insert into ISIS2304B041720.PLATOSFUERTES (ID,NAME,ID_ACOMPANIAMIENTO,ID_PRODUCTO) values ('16','Phisoderm Clear Confidence Face Scrub','17','65');
Insert into ISIS2304B041720.PLATOSFUERTES (ID,NAME,ID_ACOMPANIAMIENTO,ID_PRODUCTO) values ('17','GNP Calamine Topical Suspension','6','64');
Insert into ISIS2304B041720.PLATOSFUERTES (ID,NAME,ID_ACOMPANIAMIENTO,ID_PRODUCTO) values ('18','Caduet','20','63');
Insert into ISIS2304B041720.PLATOSFUERTES (ID,NAME,ID_ACOMPANIAMIENTO,ID_PRODUCTO) values ('19','BENZTROPINE MESYLATE','14','62');
Insert into ISIS2304B041720.PLATOSFUERTES (ID,NAME,ID_ACOMPANIAMIENTO,ID_PRODUCTO) values ('20','Ethambutol','5','61');
REM INSERTING into ISIS2304B041720.POSTRES
SET DEFINE OFF;
Insert into ISIS2304B041720.POSTRES (ID,NAME,SABOR,ID_PRODUCTO) values ('1','Fluocinolone Acetonide','lacus','40');
Insert into ISIS2304B041720.POSTRES (ID,NAME,SABOR,ID_PRODUCTO) values ('2','Flurazepam','in','39');
Insert into ISIS2304B041720.POSTRES (ID,NAME,SABOR,ID_PRODUCTO) values ('3','Ziprasidone Hydrochloride','convallis tortor','38');
Insert into ISIS2304B041720.POSTRES (ID,NAME,SABOR,ID_PRODUCTO) values ('4','California Black Walnut','odio odio','37');
Insert into ISIS2304B041720.POSTRES (ID,NAME,SABOR,ID_PRODUCTO) values ('5','Liothyronine sodium','ante','36');
Insert into ISIS2304B041720.POSTRES (ID,NAME,SABOR,ID_PRODUCTO) values ('6','omeprazole','suspendisse potenti','35');
Insert into ISIS2304B041720.POSTRES (ID,NAME,SABOR,ID_PRODUCTO) values ('7','Lithium Carbonate','nulla nisl','34');
Insert into ISIS2304B041720.POSTRES (ID,NAME,SABOR,ID_PRODUCTO) values ('8','clindamycin hydrochloride','eros elementum','33');
Insert into ISIS2304B041720.POSTRES (ID,NAME,SABOR,ID_PRODUCTO) values ('9','TOY CLEANER','eleifend pede','32');
Insert into ISIS2304B041720.POSTRES (ID,NAME,SABOR,ID_PRODUCTO) values ('10','Pain Relief','integer','31');
Insert into ISIS2304B041720.POSTRES (ID,NAME,SABOR,ID_PRODUCTO) values ('11','Ibuprofen and Pseudoephedrine Hydrochloride','et','30');
Insert into ISIS2304B041720.POSTRES (ID,NAME,SABOR,ID_PRODUCTO) values ('12','Paroxetine','condimentum','29');
Insert into ISIS2304B041720.POSTRES (ID,NAME,SABOR,ID_PRODUCTO) values ('13','Panto Flu','praesent','28');
Insert into ISIS2304B041720.POSTRES (ID,NAME,SABOR,ID_PRODUCTO) values ('14','ACETAMINOPHEN AND CODEINE','blandit non','27');
Insert into ISIS2304B041720.POSTRES (ID,NAME,SABOR,ID_PRODUCTO) values ('15','Antigas','ultrices','26');
Insert into ISIS2304B041720.POSTRES (ID,NAME,SABOR,ID_PRODUCTO) values ('16','One Step Hand Sanitizer','turpis nec','25');
Insert into ISIS2304B041720.POSTRES (ID,NAME,SABOR,ID_PRODUCTO) values ('17','Hand Sanitizer','cubilia curae','24');
Insert into ISIS2304B041720.POSTRES (ID,NAME,SABOR,ID_PRODUCTO) values ('18','ZOCOR','mauris sit','23');
Insert into ISIS2304B041720.POSTRES (ID,NAME,SABOR,ID_PRODUCTO) values ('19','ATORVASTATIN CALCIUM','risus dapibus','22');
Insert into ISIS2304B041720.POSTRES (ID,NAME,SABOR,ID_PRODUCTO) values ('20','Xanax','posuere','21');
REM INSERTING into ISIS2304B041720.PREFERENCIAS
SET DEFINE OFF;
Insert into ISIS2304B041720.PREFERENCIAS (ID_CLIENTEFRECUENTE,ID_PRODUCTO) values ('6','48');
Insert into ISIS2304B041720.PREFERENCIAS (ID_CLIENTEFRECUENTE,ID_PRODUCTO) values ('6','54');
Insert into ISIS2304B041720.PREFERENCIAS (ID_CLIENTEFRECUENTE,ID_PRODUCTO) values ('6','71');
Insert into ISIS2304B041720.PREFERENCIAS (ID_CLIENTEFRECUENTE,ID_PRODUCTO) values ('11','39');
Insert into ISIS2304B041720.PREFERENCIAS (ID_CLIENTEFRECUENTE,ID_PRODUCTO) values ('12','41');
Insert into ISIS2304B041720.PREFERENCIAS (ID_CLIENTEFRECUENTE,ID_PRODUCTO) values ('12','76');
Insert into ISIS2304B041720.PREFERENCIAS (ID_CLIENTEFRECUENTE,ID_PRODUCTO) values ('15','20');
Insert into ISIS2304B041720.PREFERENCIAS (ID_CLIENTEFRECUENTE,ID_PRODUCTO) values ('15','57');
Insert into ISIS2304B041720.PREFERENCIAS (ID_CLIENTEFRECUENTE,ID_PRODUCTO) values ('15','98');
Insert into ISIS2304B041720.PREFERENCIAS (ID_CLIENTEFRECUENTE,ID_PRODUCTO) values ('18','50');
Insert into ISIS2304B041720.PREFERENCIAS (ID_CLIENTEFRECUENTE,ID_PRODUCTO) values ('20','3');
Insert into ISIS2304B041720.PREFERENCIAS (ID_CLIENTEFRECUENTE,ID_PRODUCTO) values ('20','70');
REM INSERTING into ISIS2304B041720.PRODUCTOS
SET DEFINE OFF;
Insert into ISIS2304B041720.PRODUCTOS (ID,DESCRIPCION,DESCRIPTION,COSTO_PRODUCCION,PRECIO,ID_RESTAURANTE,CANTIDAD) values ('1','feugiat non pretium quis lectus suspendisse potenti in','condimentum id luctus nec molestie sed','72042','64308','3','657');
Insert into ISIS2304B041720.PRODUCTOS (ID,DESCRIPCION,DESCRIPTION,COSTO_PRODUCCION,PRECIO,ID_RESTAURANTE,CANTIDAD) values ('2','gravida sem praesent id massa id nisl','lorem ipsum dolor sit amet consectetuer adipiscing','18253','71596','9','173');
Insert into ISIS2304B041720.PRODUCTOS (ID,DESCRIPCION,DESCRIPTION,COSTO_PRODUCCION,PRECIO,ID_RESTAURANTE,CANTIDAD) values ('3','posuere nonummy integer non velit donec diam neque vestibulum','lectus pellentesque eget nunc donec quis orci eget orci','1248','50657','12','20');
Insert into ISIS2304B041720.PRODUCTOS (ID,DESCRIPCION,DESCRIPTION,COSTO_PRODUCCION,PRECIO,ID_RESTAURANTE,CANTIDAD) values ('4','semper porta volutpat quam pede lobortis ligula','aliquam erat volutpat in congue etiam justo etiam','58382','34496','20','361');
Insert into ISIS2304B041720.PRODUCTOS (ID,DESCRIPCION,DESCRIPTION,COSTO_PRODUCCION,PRECIO,ID_RESTAURANTE,CANTIDAD) values ('5','aenean auctor gravida sem praesent','consectetuer adipiscing elit proin risus praesent lectus vestibulum quam','2777','7305','36','292');
Insert into ISIS2304B041720.PRODUCTOS (ID,DESCRIPCION,DESCRIPTION,COSTO_PRODUCCION,PRECIO,ID_RESTAURANTE,CANTIDAD) values ('6','id mauris vulputate elementum nullam varius nulla facilisi cras non','risus dapibus augue vel accumsan tellus nisi eu','83942','92073','38','4');
Insert into ISIS2304B041720.PRODUCTOS (ID,DESCRIPCION,DESCRIPTION,COSTO_PRODUCCION,PRECIO,ID_RESTAURANTE,CANTIDAD) values ('7','vel nulla eget eros elementum pellentesque quisque','purus aliquet at feugiat non','25847','94223','38','245');
Insert into ISIS2304B041720.PRODUCTOS (ID,DESCRIPCION,DESCRIPTION,COSTO_PRODUCCION,PRECIO,ID_RESTAURANTE,CANTIDAD) values ('8','ridiculus mus etiam vel augue vestibulum','morbi quis tortor id nulla ultrices aliquet maecenas leo odio','29507','27625','7','11');
Insert into ISIS2304B041720.PRODUCTOS (ID,DESCRIPCION,DESCRIPTION,COSTO_PRODUCCION,PRECIO,ID_RESTAURANTE,CANTIDAD) values ('9','fermentum donec ut mauris eget','morbi sem mauris laoreet ut rhoncus','83717','68994','16','399');
Insert into ISIS2304B041720.PRODUCTOS (ID,DESCRIPCION,DESCRIPTION,COSTO_PRODUCCION,PRECIO,ID_RESTAURANTE,CANTIDAD) values ('10','aliquet ultrices erat tortor sollicitudin mi sit amet lobortis','nullam porttitor lacus at turpis','20474','75022','32','530');
Insert into ISIS2304B041720.PRODUCTOS (ID,DESCRIPCION,DESCRIPTION,COSTO_PRODUCCION,PRECIO,ID_RESTAURANTE,CANTIDAD) values ('11','vitae ipsum aliquam non mauris morbi non lectus aliquam sit','convallis eget eleifend luctus ultricies','6884','89332','32','179');
Insert into ISIS2304B041720.PRODUCTOS (ID,DESCRIPCION,DESCRIPTION,COSTO_PRODUCCION,PRECIO,ID_RESTAURANTE,CANTIDAD) values ('12','amet turpis elementum ligula vehicula consequat morbi a','lectus in quam fringilla rhoncus','47986','64819','26','841');
Insert into ISIS2304B041720.PRODUCTOS (ID,DESCRIPCION,DESCRIPTION,COSTO_PRODUCCION,PRECIO,ID_RESTAURANTE,CANTIDAD) values ('13','diam cras pellentesque volutpat dui maecenas','non sodales sed tincidunt eu felis','98284','78059','8','964');
Insert into ISIS2304B041720.PRODUCTOS (ID,DESCRIPCION,DESCRIPTION,COSTO_PRODUCCION,PRECIO,ID_RESTAURANTE,CANTIDAD) values ('14','leo odio condimentum id luctus nec','dui nec nisi volutpat eleifend donec ut dolor morbi vel','26294','47102','19','642');
Insert into ISIS2304B041720.PRODUCTOS (ID,DESCRIPCION,DESCRIPTION,COSTO_PRODUCCION,PRECIO,ID_RESTAURANTE,CANTIDAD) values ('15','eget elit sodales scelerisque mauris sit amet eros','ipsum ac tellus semper interdum mauris ullamcorper','56715','26192','27','505');
Insert into ISIS2304B041720.PRODUCTOS (ID,DESCRIPCION,DESCRIPTION,COSTO_PRODUCCION,PRECIO,ID_RESTAURANTE,CANTIDAD) values ('16','nec dui luctus rutrum nulla tellus in sagittis dui vel','et ultrices posuere cubilia curae duis','33788','45101','12','779');
Insert into ISIS2304B041720.PRODUCTOS (ID,DESCRIPCION,DESCRIPTION,COSTO_PRODUCCION,PRECIO,ID_RESTAURANTE,CANTIDAD) values ('17','eu massa donec dapibus duis at velit eu est','sit amet nulla quisque arcu','5316','85634','4','978');
Insert into ISIS2304B041720.PRODUCTOS (ID,DESCRIPCION,DESCRIPTION,COSTO_PRODUCCION,PRECIO,ID_RESTAURANTE,CANTIDAD) values ('18','mauris laoreet ut rhoncus aliquet pulvinar sed','vulputate luctus cum sociis natoque','95977','59897','19','490');
Insert into ISIS2304B041720.PRODUCTOS (ID,DESCRIPCION,DESCRIPTION,COSTO_PRODUCCION,PRECIO,ID_RESTAURANTE,CANTIDAD) values ('19','leo maecenas pulvinar lobortis est phasellus','duis bibendum morbi non quam nec','66359','78829','40','787');
Insert into ISIS2304B041720.PRODUCTOS (ID,DESCRIPCION,DESCRIPTION,COSTO_PRODUCCION,PRECIO,ID_RESTAURANTE,CANTIDAD) values ('20','posuere cubilia curae nulla dapibus','metus aenean fermentum donec ut mauris eget','9324','64100','36','119');
Insert into ISIS2304B041720.PRODUCTOS (ID,DESCRIPCION,DESCRIPTION,COSTO_PRODUCCION,PRECIO,ID_RESTAURANTE,CANTIDAD) values ('21','at nulla suspendisse potenti cras in purus eu magna','justo in hac habitasse platea','55849','11332','19','333');
Insert into ISIS2304B041720.PRODUCTOS (ID,DESCRIPCION,DESCRIPTION,COSTO_PRODUCCION,PRECIO,ID_RESTAURANTE,CANTIDAD) values ('22','augue vestibulum rutrum rutrum neque aenean auctor gravida sem praesent','at nunc commodo placerat praesent blandit nam nulla integer pede','61029','84091','5','816');
Insert into ISIS2304B041720.PRODUCTOS (ID,DESCRIPCION,DESCRIPTION,COSTO_PRODUCCION,PRECIO,ID_RESTAURANTE,CANTIDAD) values ('23','ac tellus semper interdum mauris ullamcorper purus','nisi at nibh in hac','27680','32492','22','849');
Insert into ISIS2304B041720.PRODUCTOS (ID,DESCRIPCION,DESCRIPTION,COSTO_PRODUCCION,PRECIO,ID_RESTAURANTE,CANTIDAD) values ('24','nulla justo aliquam quis turpis eget','odio consequat varius integer ac leo pellentesque ultrices mattis','31771','99293','13','75');
Insert into ISIS2304B041720.PRODUCTOS (ID,DESCRIPCION,DESCRIPTION,COSTO_PRODUCCION,PRECIO,ID_RESTAURANTE,CANTIDAD) values ('25','amet erat nulla tempus vivamus in','mattis nibh ligula nec sem duis aliquam convallis','27683','10224','35','724');
Insert into ISIS2304B041720.PRODUCTOS (ID,DESCRIPCION,DESCRIPTION,COSTO_PRODUCCION,PRECIO,ID_RESTAURANTE,CANTIDAD) values ('26','placerat praesent blandit nam nulla','iaculis congue vivamus metus arcu adipiscing molestie hendrerit at vulputate','87402','35945','7','858');
Insert into ISIS2304B041720.PRODUCTOS (ID,DESCRIPCION,DESCRIPTION,COSTO_PRODUCCION,PRECIO,ID_RESTAURANTE,CANTIDAD) values ('27','vel nisl duis ac nibh fusce lacus purus','in felis eu sapien cursus','79306','36350','14','520');
Insert into ISIS2304B041720.PRODUCTOS (ID,DESCRIPCION,DESCRIPTION,COSTO_PRODUCCION,PRECIO,ID_RESTAURANTE,CANTIDAD) values ('28','mollis molestie lorem quisque ut erat curabitur gravida','id ornare imperdiet sapien urna pretium nisl ut volutpat','18046','4590','16','259');
Insert into ISIS2304B041720.PRODUCTOS (ID,DESCRIPCION,DESCRIPTION,COSTO_PRODUCCION,PRECIO,ID_RESTAURANTE,CANTIDAD) values ('29','suscipit ligula in lacus curabitur at','eu nibh quisque id justo','98376','24879','1','907');
Insert into ISIS2304B041720.PRODUCTOS (ID,DESCRIPCION,DESCRIPTION,COSTO_PRODUCCION,PRECIO,ID_RESTAURANTE,CANTIDAD) values ('30','et tempus semper est quam pharetra magna ac','vestibulum ante ipsum primis in faucibus orci luctus et','89834','47718','34','821');
Insert into ISIS2304B041720.PRODUCTOS (ID,DESCRIPCION,DESCRIPTION,COSTO_PRODUCCION,PRECIO,ID_RESTAURANTE,CANTIDAD) values ('31','in hac habitasse platea dictumst','consequat lectus in est risus auctor sed','54444','78623','20','954');
Insert into ISIS2304B041720.PRODUCTOS (ID,DESCRIPCION,DESCRIPTION,COSTO_PRODUCCION,PRECIO,ID_RESTAURANTE,CANTIDAD) values ('32','pede lobortis ligula sit amet eleifend pede libero quis','platea dictumst morbi vestibulum velit id pretium iaculis diam erat','54858','1304','32','980');
Insert into ISIS2304B041720.PRODUCTOS (ID,DESCRIPCION,DESCRIPTION,COSTO_PRODUCCION,PRECIO,ID_RESTAURANTE,CANTIDAD) values ('33','id pretium iaculis diam erat','ipsum ac tellus semper interdum mauris ullamcorper','38713','70824','13','948');
Insert into ISIS2304B041720.PRODUCTOS (ID,DESCRIPCION,DESCRIPTION,COSTO_PRODUCCION,PRECIO,ID_RESTAURANTE,CANTIDAD) values ('34','nisi vulputate nonummy maecenas tincidunt lacus at velit vivamus vel','est lacinia nisi venenatis tristique fusce congue diam id','42921','77226','6','350');
Insert into ISIS2304B041720.PRODUCTOS (ID,DESCRIPCION,DESCRIPTION,COSTO_PRODUCCION,PRECIO,ID_RESTAURANTE,CANTIDAD) values ('35','feugiat non pretium quis lectus suspendisse potenti in eleifend quam','leo odio porttitor id consequat','90983','14934','29','851');
Insert into ISIS2304B041720.PRODUCTOS (ID,DESCRIPCION,DESCRIPTION,COSTO_PRODUCCION,PRECIO,ID_RESTAURANTE,CANTIDAD) values ('36','amet sem fusce consequat nulla nisl nunc nisl duis bibendum','justo lacinia eget tincidunt eget tempus vel pede morbi','19380','2159','39','60');
Insert into ISIS2304B041720.PRODUCTOS (ID,DESCRIPCION,DESCRIPTION,COSTO_PRODUCCION,PRECIO,ID_RESTAURANTE,CANTIDAD) values ('37','vulputate luctus cum sociis natoque penatibus et','sed interdum venenatis turpis enim blandit mi','63628','25804','5','185');
Insert into ISIS2304B041720.PRODUCTOS (ID,DESCRIPCION,DESCRIPTION,COSTO_PRODUCCION,PRECIO,ID_RESTAURANTE,CANTIDAD) values ('38','pede justo eu massa donec dapibus','adipiscing lorem vitae mattis nibh ligula','82893','62899','20','340');
Insert into ISIS2304B041720.PRODUCTOS (ID,DESCRIPCION,DESCRIPTION,COSTO_PRODUCCION,PRECIO,ID_RESTAURANTE,CANTIDAD) values ('39','amet diam in magna bibendum','egestas metus aenean fermentum donec ut mauris eget massa','28338','16667','40','545');
Insert into ISIS2304B041720.PRODUCTOS (ID,DESCRIPCION,DESCRIPTION,COSTO_PRODUCCION,PRECIO,ID_RESTAURANTE,CANTIDAD) values ('40','lacus at velit vivamus vel','dui proin leo odio porttitor id consequat in consequat ut','33849','13227','2','144');
Insert into ISIS2304B041720.PRODUCTOS (ID,DESCRIPCION,DESCRIPTION,COSTO_PRODUCCION,PRECIO,ID_RESTAURANTE,CANTIDAD) values ('41','consectetuer eget rutrum at lorem integer tincidunt ante','nunc proin at turpis a pede posuere nonummy integer','98741','83512','18','923');
Insert into ISIS2304B041720.PRODUCTOS (ID,DESCRIPCION,DESCRIPTION,COSTO_PRODUCCION,PRECIO,ID_RESTAURANTE,CANTIDAD) values ('42','amet consectetuer adipiscing elit proin interdum mauris non ligula pellentesque','quisque id justo sit amet','33238','39468','5','790');
Insert into ISIS2304B041720.PRODUCTOS (ID,DESCRIPCION,DESCRIPTION,COSTO_PRODUCCION,PRECIO,ID_RESTAURANTE,CANTIDAD) values ('43','id turpis integer aliquet massa id','viverra diam vitae quam suspendisse potenti nullam porttitor lacus at','17882','3811','2','887');
Insert into ISIS2304B041720.PRODUCTOS (ID,DESCRIPCION,DESCRIPTION,COSTO_PRODUCCION,PRECIO,ID_RESTAURANTE,CANTIDAD) values ('44','pellentesque eget nunc donec quis orci eget orci vehicula condimentum','duis aliquam convallis nunc proin at turpis','97683','34534','9','10');
Insert into ISIS2304B041720.PRODUCTOS (ID,DESCRIPCION,DESCRIPTION,COSTO_PRODUCCION,PRECIO,ID_RESTAURANTE,CANTIDAD) values ('45','integer tincidunt ante vel ipsum praesent blandit lacinia erat vestibulum','et ultrices posuere cubilia curae donec pharetra magna','14901','80520','40','117');
Insert into ISIS2304B041720.PRODUCTOS (ID,DESCRIPCION,DESCRIPTION,COSTO_PRODUCCION,PRECIO,ID_RESTAURANTE,CANTIDAD) values ('46','aenean sit amet justo morbi ut odio cras mi pede','fusce consequat nulla nisl nunc nisl','61318','36076','25','660');
Insert into ISIS2304B041720.PRODUCTOS (ID,DESCRIPCION,DESCRIPTION,COSTO_PRODUCCION,PRECIO,ID_RESTAURANTE,CANTIDAD) values ('47','in hac habitasse platea dictumst morbi','blandit mi in porttitor pede justo eu massa donec','2596','98641','20','891');
Insert into ISIS2304B041720.PRODUCTOS (ID,DESCRIPCION,DESCRIPTION,COSTO_PRODUCCION,PRECIO,ID_RESTAURANTE,CANTIDAD) values ('48','volutpat quam pede lobortis ligula sit amet eleifend pede','sapien cum sociis natoque penatibus','31434','30398','7','88');
Insert into ISIS2304B041720.PRODUCTOS (ID,DESCRIPCION,DESCRIPTION,COSTO_PRODUCCION,PRECIO,ID_RESTAURANTE,CANTIDAD) values ('49','fusce congue diam id ornare imperdiet','lectus pellentesque eget nunc donec quis orci eget','18991','18984','33','271');
Insert into ISIS2304B041720.PRODUCTOS (ID,DESCRIPCION,DESCRIPTION,COSTO_PRODUCCION,PRECIO,ID_RESTAURANTE,CANTIDAD) values ('50','molestie nibh in lectus pellentesque','ac tellus semper interdum mauris ullamcorper purus sit','4653','89677','28','658');
Insert into ISIS2304B041720.PRODUCTOS (ID,DESCRIPCION,DESCRIPTION,COSTO_PRODUCCION,PRECIO,ID_RESTAURANTE,CANTIDAD) values ('51','molestie sed justo pellentesque viverra pede','nibh in quis justo maecenas rhoncus aliquam lacus morbi','32327','40728','6','670');
Insert into ISIS2304B041720.PRODUCTOS (ID,DESCRIPCION,DESCRIPTION,COSTO_PRODUCCION,PRECIO,ID_RESTAURANTE,CANTIDAD) values ('52','at dolor quis odio consequat','potenti cras in purus eu magna vulputate','13384','78983','15','994');
Insert into ISIS2304B041720.PRODUCTOS (ID,DESCRIPCION,DESCRIPTION,COSTO_PRODUCCION,PRECIO,ID_RESTAURANTE,CANTIDAD) values ('53','enim in tempor turpis nec euismod scelerisque quam','erat curabitur gravida nisi at','7344','89773','14','484');
Insert into ISIS2304B041720.PRODUCTOS (ID,DESCRIPCION,DESCRIPTION,COSTO_PRODUCCION,PRECIO,ID_RESTAURANTE,CANTIDAD) values ('54','montes nascetur ridiculus mus etiam','ultrices posuere cubilia curae donec pharetra magna','45267','66079','37','534');
Insert into ISIS2304B041720.PRODUCTOS (ID,DESCRIPCION,DESCRIPTION,COSTO_PRODUCCION,PRECIO,ID_RESTAURANTE,CANTIDAD) values ('55','nisi volutpat eleifend donec ut dolor morbi vel lectus','in lectus pellentesque at nulla suspendisse potenti','56462','85189','20','569');
Insert into ISIS2304B041720.PRODUCTOS (ID,DESCRIPCION,DESCRIPTION,COSTO_PRODUCCION,PRECIO,ID_RESTAURANTE,CANTIDAD) values ('56','orci vehicula condimentum curabitur in libero ut massa volutpat','sagittis dui vel nisl duis ac nibh fusce lacus','62392','83973','14','678');
Insert into ISIS2304B041720.PRODUCTOS (ID,DESCRIPCION,DESCRIPTION,COSTO_PRODUCCION,PRECIO,ID_RESTAURANTE,CANTIDAD) values ('57','morbi quis tortor id nulla','metus aenean fermentum donec ut mauris','68926','11908','4','600');
Insert into ISIS2304B041720.PRODUCTOS (ID,DESCRIPCION,DESCRIPTION,COSTO_PRODUCCION,PRECIO,ID_RESTAURANTE,CANTIDAD) values ('58','sapien dignissim vestibulum vestibulum ante ipsum primis','in hac habitasse platea dictumst etiam faucibus','2652','17304','26','778');
Insert into ISIS2304B041720.PRODUCTOS (ID,DESCRIPCION,DESCRIPTION,COSTO_PRODUCCION,PRECIO,ID_RESTAURANTE,CANTIDAD) values ('59','ultrices erat tortor sollicitudin mi sit amet lobortis','vel enim sit amet nunc viverra dapibus nulla','69065','51326','16','998');
Insert into ISIS2304B041720.PRODUCTOS (ID,DESCRIPCION,DESCRIPTION,COSTO_PRODUCCION,PRECIO,ID_RESTAURANTE,CANTIDAD) values ('60','proin risus praesent lectus vestibulum','maecenas pulvinar lobortis est phasellus sit','99281','67602','3','516');
Insert into ISIS2304B041720.PRODUCTOS (ID,DESCRIPCION,DESCRIPTION,COSTO_PRODUCCION,PRECIO,ID_RESTAURANTE,CANTIDAD) values ('61','amet diam in magna bibendum imperdiet nullam orci pede venenatis','vel est donec odio justo','13469','71419','19','447');
Insert into ISIS2304B041720.PRODUCTOS (ID,DESCRIPCION,DESCRIPTION,COSTO_PRODUCCION,PRECIO,ID_RESTAURANTE,CANTIDAD) values ('62','ultrices posuere cubilia curae donec pharetra','ac est lacinia nisi venenatis tristique fusce','43975','75713','21','501');
Insert into ISIS2304B041720.PRODUCTOS (ID,DESCRIPCION,DESCRIPTION,COSTO_PRODUCCION,PRECIO,ID_RESTAURANTE,CANTIDAD) values ('63','libero ut massa volutpat convallis','amet cursus id turpis integer aliquet massa id','40916','35119','18','695');
Insert into ISIS2304B041720.PRODUCTOS (ID,DESCRIPCION,DESCRIPTION,COSTO_PRODUCCION,PRECIO,ID_RESTAURANTE,CANTIDAD) values ('64','amet lobortis sapien sapien non mi integer ac neque','non mattis pulvinar nulla pede ullamcorper augue a','81842','97668','13','79');
Insert into ISIS2304B041720.PRODUCTOS (ID,DESCRIPCION,DESCRIPTION,COSTO_PRODUCCION,PRECIO,ID_RESTAURANTE,CANTIDAD) values ('65','id ornare imperdiet sapien urna pretium nisl ut volutpat','a suscipit nulla elit ac','16800','92843','27','244');
Insert into ISIS2304B041720.PRODUCTOS (ID,DESCRIPCION,DESCRIPTION,COSTO_PRODUCCION,PRECIO,ID_RESTAURANTE,CANTIDAD) values ('66','commodo vulputate justo in blandit ultrices enim','ipsum praesent blandit lacinia erat vestibulum sed magna at','93388','8189','6','803');
Insert into ISIS2304B041720.PRODUCTOS (ID,DESCRIPCION,DESCRIPTION,COSTO_PRODUCCION,PRECIO,ID_RESTAURANTE,CANTIDAD) values ('67','mollis molestie lorem quisque ut erat curabitur gravida','rutrum nulla tellus in sagittis dui vel nisl duis','34725','23533','30','917');
Insert into ISIS2304B041720.PRODUCTOS (ID,DESCRIPCION,DESCRIPTION,COSTO_PRODUCCION,PRECIO,ID_RESTAURANTE,CANTIDAD) values ('68','fringilla rhoncus mauris enim leo rhoncus sed vestibulum sit','semper porta volutpat quam pede','72392','18416','15','320');
Insert into ISIS2304B041720.PRODUCTOS (ID,DESCRIPCION,DESCRIPTION,COSTO_PRODUCCION,PRECIO,ID_RESTAURANTE,CANTIDAD) values ('69','convallis nunc proin at turpis a pede posuere nonummy','vel nisl duis ac nibh fusce lacus purus aliquet','8051','54364','8','845');
Insert into ISIS2304B041720.PRODUCTOS (ID,DESCRIPCION,DESCRIPTION,COSTO_PRODUCCION,PRECIO,ID_RESTAURANTE,CANTIDAD) values ('70','in hac habitasse platea dictumst aliquam augue quam sollicitudin vitae','integer a nibh in quis justo maecenas','77969','40823','8','462');
Insert into ISIS2304B041720.PRODUCTOS (ID,DESCRIPCION,DESCRIPTION,COSTO_PRODUCCION,PRECIO,ID_RESTAURANTE,CANTIDAD) values ('71','ac lobortis vel dapibus at diam nam tristique tortor','et eros vestibulum ac est lacinia nisi','51178','28828','21','30');
Insert into ISIS2304B041720.PRODUCTOS (ID,DESCRIPCION,DESCRIPTION,COSTO_PRODUCCION,PRECIO,ID_RESTAURANTE,CANTIDAD) values ('72','nec dui luctus rutrum nulla tellus','morbi ut odio cras mi','47193','22605','19','564');
Insert into ISIS2304B041720.PRODUCTOS (ID,DESCRIPCION,DESCRIPTION,COSTO_PRODUCCION,PRECIO,ID_RESTAURANTE,CANTIDAD) values ('73','a nibh in quis justo maecenas rhoncus aliquam lacus','donec quis orci eget orci vehicula condimentum curabitur in','11737','71412','25','158');
Insert into ISIS2304B041720.PRODUCTOS (ID,DESCRIPCION,DESCRIPTION,COSTO_PRODUCCION,PRECIO,ID_RESTAURANTE,CANTIDAD) values ('74','volutpat erat quisque erat eros viverra eget congue eget','nunc donec quis orci eget orci','30498','99268','35','612');
Insert into ISIS2304B041720.PRODUCTOS (ID,DESCRIPCION,DESCRIPTION,COSTO_PRODUCCION,PRECIO,ID_RESTAURANTE,CANTIDAD) values ('75','justo in blandit ultrices enim lorem ipsum dolor sit amet','luctus tincidunt nulla mollis molestie lorem','31274','63061','32','10');
Insert into ISIS2304B041720.PRODUCTOS (ID,DESCRIPCION,DESCRIPTION,COSTO_PRODUCCION,PRECIO,ID_RESTAURANTE,CANTIDAD) values ('76','felis ut at dolor quis odio consequat varius integer','justo aliquam quis turpis eget elit','92765','22517','17','497');
Insert into ISIS2304B041720.PRODUCTOS (ID,DESCRIPCION,DESCRIPTION,COSTO_PRODUCCION,PRECIO,ID_RESTAURANTE,CANTIDAD) values ('77','sed ante vivamus tortor duis mattis egestas metus aenean fermentum','justo sollicitudin ut suscipit a feugiat','23208','94821','10','101');
Insert into ISIS2304B041720.PRODUCTOS (ID,DESCRIPCION,DESCRIPTION,COSTO_PRODUCCION,PRECIO,ID_RESTAURANTE,CANTIDAD) values ('78','orci luctus et ultrices posuere cubilia curae nulla','faucibus accumsan odio curabitur convallis duis consequat dui nec nisi','38767','32806','19','509');
Insert into ISIS2304B041720.PRODUCTOS (ID,DESCRIPCION,DESCRIPTION,COSTO_PRODUCCION,PRECIO,ID_RESTAURANTE,CANTIDAD) values ('79','sed accumsan felis ut at dolor quis odio','vel accumsan tellus nisi eu orci mauris lacinia sapien','65263','49459','21','813');
Insert into ISIS2304B041720.PRODUCTOS (ID,DESCRIPCION,DESCRIPTION,COSTO_PRODUCCION,PRECIO,ID_RESTAURANTE,CANTIDAD) values ('80','blandit mi in porttitor pede justo eu massa donec','amet turpis elementum ligula vehicula consequat','60688','65883','37','264');
Insert into ISIS2304B041720.PRODUCTOS (ID,DESCRIPCION,DESCRIPTION,COSTO_PRODUCCION,PRECIO,ID_RESTAURANTE,CANTIDAD) values ('81','consequat morbi a ipsum integer','dui luctus rutrum nulla tellus in sagittis','88730','35932','31','46');
Insert into ISIS2304B041720.PRODUCTOS (ID,DESCRIPCION,DESCRIPTION,COSTO_PRODUCCION,PRECIO,ID_RESTAURANTE,CANTIDAD) values ('82','sociis natoque penatibus et magnis dis parturient','in est risus auctor sed','12757','37307','22','861');
Insert into ISIS2304B041720.PRODUCTOS (ID,DESCRIPCION,DESCRIPTION,COSTO_PRODUCCION,PRECIO,ID_RESTAURANTE,CANTIDAD) values ('83','duis mattis egestas metus aenean fermentum donec ut','commodo vulputate justo in blandit ultrices enim','14558','83364','31','741');
Insert into ISIS2304B041720.PRODUCTOS (ID,DESCRIPCION,DESCRIPTION,COSTO_PRODUCCION,PRECIO,ID_RESTAURANTE,CANTIDAD) values ('84','nulla suspendisse potenti cras in','amet consectetuer adipiscing elit proin risus praesent','12105','25464','26','929');
Insert into ISIS2304B041720.PRODUCTOS (ID,DESCRIPCION,DESCRIPTION,COSTO_PRODUCCION,PRECIO,ID_RESTAURANTE,CANTIDAD) values ('85','ac enim in tempor turpis nec euismod scelerisque','habitasse platea dictumst etiam faucibus cursus urna ut tellus nulla','7839','21698','3','730');
Insert into ISIS2304B041720.PRODUCTOS (ID,DESCRIPCION,DESCRIPTION,COSTO_PRODUCCION,PRECIO,ID_RESTAURANTE,CANTIDAD) values ('86','a libero nam dui proin leo odio porttitor id consequat','in eleifend quam a odio in hac habitasse','10063','50987','32','684');
Insert into ISIS2304B041720.PRODUCTOS (ID,DESCRIPCION,DESCRIPTION,COSTO_PRODUCCION,PRECIO,ID_RESTAURANTE,CANTIDAD) values ('87','ultrices vel augue vestibulum ante ipsum primis','imperdiet et commodo vulputate justo in blandit ultrices enim lorem','39089','43968','29','799');
Insert into ISIS2304B041720.PRODUCTOS (ID,DESCRIPCION,DESCRIPTION,COSTO_PRODUCCION,PRECIO,ID_RESTAURANTE,CANTIDAD) values ('88','augue vel accumsan tellus nisi eu orci mauris','sit amet justo morbi ut odio','17909','17080','33','62');
Insert into ISIS2304B041720.PRODUCTOS (ID,DESCRIPCION,DESCRIPTION,COSTO_PRODUCCION,PRECIO,ID_RESTAURANTE,CANTIDAD) values ('89','elementum eu interdum eu tincidunt in leo','potenti in eleifend quam a odio','50939','37026','29','527');
Insert into ISIS2304B041720.PRODUCTOS (ID,DESCRIPCION,DESCRIPTION,COSTO_PRODUCCION,PRECIO,ID_RESTAURANTE,CANTIDAD) values ('90','nulla ac enim in tempor turpis nec euismod scelerisque quam','maecenas tristique est et tempus','17186','48887','31','590');
Insert into ISIS2304B041720.PRODUCTOS (ID,DESCRIPCION,DESCRIPTION,COSTO_PRODUCCION,PRECIO,ID_RESTAURANTE,CANTIDAD) values ('91','hac habitasse platea dictumst etiam faucibus cursus urna ut','eleifend donec ut dolor morbi vel lectus in','52245','57232','39','303');
Insert into ISIS2304B041720.PRODUCTOS (ID,DESCRIPCION,DESCRIPTION,COSTO_PRODUCCION,PRECIO,ID_RESTAURANTE,CANTIDAD) values ('92','lacus purus aliquet at feugiat non pretium quis','sollicitudin mi sit amet lobortis sapien sapien non mi integer','30013','86283','24','142');
Insert into ISIS2304B041720.PRODUCTOS (ID,DESCRIPCION,DESCRIPTION,COSTO_PRODUCCION,PRECIO,ID_RESTAURANTE,CANTIDAD) values ('93','rutrum at lorem integer tincidunt','nulla nisl nunc nisl duis bibendum felis sed interdum','17955','22151','32','727');
Insert into ISIS2304B041720.PRODUCTOS (ID,DESCRIPCION,DESCRIPTION,COSTO_PRODUCCION,PRECIO,ID_RESTAURANTE,CANTIDAD) values ('94','eget orci vehicula condimentum curabitur in','neque sapien placerat ante nulla','68576','87252','7','242');
Insert into ISIS2304B041720.PRODUCTOS (ID,DESCRIPCION,DESCRIPTION,COSTO_PRODUCCION,PRECIO,ID_RESTAURANTE,CANTIDAD) values ('95','in faucibus orci luctus et ultrices','donec ut mauris eget massa tempor','53831','75124','22','416');
Insert into ISIS2304B041720.PRODUCTOS (ID,DESCRIPCION,DESCRIPTION,COSTO_PRODUCCION,PRECIO,ID_RESTAURANTE,CANTIDAD) values ('96','sagittis dui vel nisl duis','pede lobortis ligula sit amet eleifend pede libero quis orci','59495','25623','17','842');
Insert into ISIS2304B041720.PRODUCTOS (ID,DESCRIPCION,DESCRIPTION,COSTO_PRODUCCION,PRECIO,ID_RESTAURANTE,CANTIDAD) values ('97','tortor sollicitudin mi sit amet lobortis sapien sapien non mi','vel augue vestibulum rutrum rutrum neque aenean auctor gravida','52121','27956','9','917');
Insert into ISIS2304B041720.PRODUCTOS (ID,DESCRIPCION,DESCRIPTION,COSTO_PRODUCCION,PRECIO,ID_RESTAURANTE,CANTIDAD) values ('98','eleifend donec ut dolor morbi','ridiculus mus etiam vel augue vestibulum rutrum rutrum neque','79994','17509','15','64');
Insert into ISIS2304B041720.PRODUCTOS (ID,DESCRIPCION,DESCRIPTION,COSTO_PRODUCCION,PRECIO,ID_RESTAURANTE,CANTIDAD) values ('99','mauris viverra diam vitae quam suspendisse potenti nullam','pede malesuada in imperdiet et commodo vulputate','86075','49144','21','872');
Insert into ISIS2304B041720.PRODUCTOS (ID,DESCRIPCION,DESCRIPTION,COSTO_PRODUCCION,PRECIO,ID_RESTAURANTE,CANTIDAD) values ('100','tristique fusce congue diam id ornare imperdiet sapien urna','tellus in sagittis dui vel nisl','97937','83263','14','603');
Insert into ISIS2304B041720.PRODUCTOS (ID,DESCRIPCION,DESCRIPTION,COSTO_PRODUCCION,PRECIO,ID_RESTAURANTE,CANTIDAD) values ('101','quam a odio in hac habitasse','nam ultrices libero non mattis pulvinar nulla pede ullamcorper','4569','52269','26','250');
Insert into ISIS2304B041720.PRODUCTOS (ID,DESCRIPCION,DESCRIPTION,COSTO_PRODUCCION,PRECIO,ID_RESTAURANTE,CANTIDAD) values ('102','vel lectus in quam fringilla rhoncus mauris enim leo rhoncus','auctor gravida sem praesent id massa id nisl venenatis','29135','74212','6','998');
Insert into ISIS2304B041720.PRODUCTOS (ID,DESCRIPCION,DESCRIPTION,COSTO_PRODUCCION,PRECIO,ID_RESTAURANTE,CANTIDAD) values ('103','dapibus nulla suscipit ligula in lacus curabitur at','id consequat in consequat ut','18931','36284','33','444');
Insert into ISIS2304B041720.PRODUCTOS (ID,DESCRIPCION,DESCRIPTION,COSTO_PRODUCCION,PRECIO,ID_RESTAURANTE,CANTIDAD) values ('104','id massa id nisl venenatis lacinia aenean sit amet','consectetuer adipiscing elit proin interdum mauris non ligula pellentesque','1558','41951','34','165');
Insert into ISIS2304B041720.PRODUCTOS (ID,DESCRIPCION,DESCRIPTION,COSTO_PRODUCCION,PRECIO,ID_RESTAURANTE,CANTIDAD) values ('105','morbi porttitor lorem id ligula suspendisse ornare consequat','sapien varius ut blandit non interdum','58477','4621','12','121');
Insert into ISIS2304B041720.PRODUCTOS (ID,DESCRIPCION,DESCRIPTION,COSTO_PRODUCCION,PRECIO,ID_RESTAURANTE,CANTIDAD) values ('106','turpis sed ante vivamus tortor duis mattis egestas metus aenean','nibh in lectus pellentesque at nulla','77148','77475','15','502');
Insert into ISIS2304B041720.PRODUCTOS (ID,DESCRIPCION,DESCRIPTION,COSTO_PRODUCCION,PRECIO,ID_RESTAURANTE,CANTIDAD) values ('107','mauris vulputate elementum nullam varius nulla facilisi cras non','turpis integer aliquet massa id lobortis convallis tortor risus','58389','3662','1','917');
Insert into ISIS2304B041720.PRODUCTOS (ID,DESCRIPCION,DESCRIPTION,COSTO_PRODUCCION,PRECIO,ID_RESTAURANTE,CANTIDAD) values ('108','suscipit ligula in lacus curabitur at','non velit nec nisi vulputate nonummy maecenas tincidunt','18913','83010','23','812');
Insert into ISIS2304B041720.PRODUCTOS (ID,DESCRIPCION,DESCRIPTION,COSTO_PRODUCCION,PRECIO,ID_RESTAURANTE,CANTIDAD) values ('109','sagittis nam congue risus semper porta volutpat','integer non velit donec diam neque vestibulum eget vulputate ut','85809','48547','3','246');
Insert into ISIS2304B041720.PRODUCTOS (ID,DESCRIPCION,DESCRIPTION,COSTO_PRODUCCION,PRECIO,ID_RESTAURANTE,CANTIDAD) values ('110','a ipsum integer a nibh in quis justo maecenas','consequat morbi a ipsum integer a nibh','71568','43422','27','323');
REM INSERTING into ISIS2304B041720.PRODUCTOSSIMILARES
SET DEFINE OFF;
Insert into ISIS2304B041720.PRODUCTOSSIMILARES (ID_PRODUCTO1,ID_PRODUCTO2) values ('7','21');
Insert into ISIS2304B041720.PRODUCTOSSIMILARES (ID_PRODUCTO1,ID_PRODUCTO2) values ('7','23');
Insert into ISIS2304B041720.PRODUCTOSSIMILARES (ID_PRODUCTO1,ID_PRODUCTO2) values ('7','25');
Insert into ISIS2304B041720.PRODUCTOSSIMILARES (ID_PRODUCTO1,ID_PRODUCTO2) values ('7','29');
Insert into ISIS2304B041720.PRODUCTOSSIMILARES (ID_PRODUCTO1,ID_PRODUCTO2) values ('7','58');
Insert into ISIS2304B041720.PRODUCTOSSIMILARES (ID_PRODUCTO1,ID_PRODUCTO2) values ('8','54');
Insert into ISIS2304B041720.PRODUCTOSSIMILARES (ID_PRODUCTO1,ID_PRODUCTO2) values ('9','2');
Insert into ISIS2304B041720.PRODUCTOSSIMILARES (ID_PRODUCTO1,ID_PRODUCTO2) values ('9','25');
Insert into ISIS2304B041720.PRODUCTOSSIMILARES (ID_PRODUCTO1,ID_PRODUCTO2) values ('10','15');
Insert into ISIS2304B041720.PRODUCTOSSIMILARES (ID_PRODUCTO1,ID_PRODUCTO2) values ('13','42');
Insert into ISIS2304B041720.PRODUCTOSSIMILARES (ID_PRODUCTO1,ID_PRODUCTO2) values ('14','3');
Insert into ISIS2304B041720.PRODUCTOSSIMILARES (ID_PRODUCTO1,ID_PRODUCTO2) values ('16','6');
Insert into ISIS2304B041720.PRODUCTOSSIMILARES (ID_PRODUCTO1,ID_PRODUCTO2) values ('17','41');
Insert into ISIS2304B041720.PRODUCTOSSIMILARES (ID_PRODUCTO1,ID_PRODUCTO2) values ('18','6');
Insert into ISIS2304B041720.PRODUCTOSSIMILARES (ID_PRODUCTO1,ID_PRODUCTO2) values ('18','33');
Insert into ISIS2304B041720.PRODUCTOSSIMILARES (ID_PRODUCTO1,ID_PRODUCTO2) values ('20','45');
Insert into ISIS2304B041720.PRODUCTOSSIMILARES (ID_PRODUCTO1,ID_PRODUCTO2) values ('20','48');
Insert into ISIS2304B041720.PRODUCTOSSIMILARES (ID_PRODUCTO1,ID_PRODUCTO2) values ('20','55');
Insert into ISIS2304B041720.PRODUCTOSSIMILARES (ID_PRODUCTO1,ID_PRODUCTO2) values ('22','4');
Insert into ISIS2304B041720.PRODUCTOSSIMILARES (ID_PRODUCTO1,ID_PRODUCTO2) values ('25','48');
Insert into ISIS2304B041720.PRODUCTOSSIMILARES (ID_PRODUCTO1,ID_PRODUCTO2) values ('26','27');
Insert into ISIS2304B041720.PRODUCTOSSIMILARES (ID_PRODUCTO1,ID_PRODUCTO2) values ('27','14');
Insert into ISIS2304B041720.PRODUCTOSSIMILARES (ID_PRODUCTO1,ID_PRODUCTO2) values ('31','23');
Insert into ISIS2304B041720.PRODUCTOSSIMILARES (ID_PRODUCTO1,ID_PRODUCTO2) values ('31','57');
Insert into ISIS2304B041720.PRODUCTOSSIMILARES (ID_PRODUCTO1,ID_PRODUCTO2) values ('35','26');
Insert into ISIS2304B041720.PRODUCTOSSIMILARES (ID_PRODUCTO1,ID_PRODUCTO2) values ('35','37');
Insert into ISIS2304B041720.PRODUCTOSSIMILARES (ID_PRODUCTO1,ID_PRODUCTO2) values ('37','41');
Insert into ISIS2304B041720.PRODUCTOSSIMILARES (ID_PRODUCTO1,ID_PRODUCTO2) values ('38','31');
Insert into ISIS2304B041720.PRODUCTOSSIMILARES (ID_PRODUCTO1,ID_PRODUCTO2) values ('39','29');
Insert into ISIS2304B041720.PRODUCTOSSIMILARES (ID_PRODUCTO1,ID_PRODUCTO2) values ('42','27');
Insert into ISIS2304B041720.PRODUCTOSSIMILARES (ID_PRODUCTO1,ID_PRODUCTO2) values ('43','30');
Insert into ISIS2304B041720.PRODUCTOSSIMILARES (ID_PRODUCTO1,ID_PRODUCTO2) values ('44','54');
Insert into ISIS2304B041720.PRODUCTOSSIMILARES (ID_PRODUCTO1,ID_PRODUCTO2) values ('49','28');
Insert into ISIS2304B041720.PRODUCTOSSIMILARES (ID_PRODUCTO1,ID_PRODUCTO2) values ('53','34');
Insert into ISIS2304B041720.PRODUCTOSSIMILARES (ID_PRODUCTO1,ID_PRODUCTO2) values ('54','10');
Insert into ISIS2304B041720.PRODUCTOSSIMILARES (ID_PRODUCTO1,ID_PRODUCTO2) values ('54','37');
Insert into ISIS2304B041720.PRODUCTOSSIMILARES (ID_PRODUCTO1,ID_PRODUCTO2) values ('55','61');
Insert into ISIS2304B041720.PRODUCTOSSIMILARES (ID_PRODUCTO1,ID_PRODUCTO2) values ('57','47');
Insert into ISIS2304B041720.PRODUCTOSSIMILARES (ID_PRODUCTO1,ID_PRODUCTO2) values ('61','34');
REM INSERTING into ISIS2304B041720.REPRESENTA
SET DEFINE OFF;
Insert into ISIS2304B041720.REPRESENTA (ID_RESTAURANTE,ID_REPRESENTANTE) values ('3','2');
Insert into ISIS2304B041720.REPRESENTA (ID_RESTAURANTE,ID_REPRESENTANTE) values ('7','2');
Insert into ISIS2304B041720.REPRESENTA (ID_RESTAURANTE,ID_REPRESENTANTE) values ('16','2');
Insert into ISIS2304B041720.REPRESENTA (ID_RESTAURANTE,ID_REPRESENTANTE) values ('37','2');
Insert into ISIS2304B041720.REPRESENTA (ID_RESTAURANTE,ID_REPRESENTANTE) values ('23','4');
Insert into ISIS2304B041720.REPRESENTA (ID_RESTAURANTE,ID_REPRESENTANTE) values ('15','5');
Insert into ISIS2304B041720.REPRESENTA (ID_RESTAURANTE,ID_REPRESENTANTE) values ('34','6');
Insert into ISIS2304B041720.REPRESENTA (ID_RESTAURANTE,ID_REPRESENTANTE) values ('33','7');
Insert into ISIS2304B041720.REPRESENTA (ID_RESTAURANTE,ID_REPRESENTANTE) values ('17','8');
Insert into ISIS2304B041720.REPRESENTA (ID_RESTAURANTE,ID_REPRESENTANTE) values ('29','9');
Insert into ISIS2304B041720.REPRESENTA (ID_RESTAURANTE,ID_REPRESENTANTE) values ('38','9');
Insert into ISIS2304B041720.REPRESENTA (ID_RESTAURANTE,ID_REPRESENTANTE) values ('12','10');
Insert into ISIS2304B041720.REPRESENTA (ID_RESTAURANTE,ID_REPRESENTANTE) values ('13','11');
Insert into ISIS2304B041720.REPRESENTA (ID_RESTAURANTE,ID_REPRESENTANTE) values ('30','11');
Insert into ISIS2304B041720.REPRESENTA (ID_RESTAURANTE,ID_REPRESENTANTE) values ('25','12');
Insert into ISIS2304B041720.REPRESENTA (ID_RESTAURANTE,ID_REPRESENTANTE) values ('14','13');
Insert into ISIS2304B041720.REPRESENTA (ID_RESTAURANTE,ID_REPRESENTANTE) values ('18','13');
Insert into ISIS2304B041720.REPRESENTA (ID_RESTAURANTE,ID_REPRESENTANTE) values ('28','13');
Insert into ISIS2304B041720.REPRESENTA (ID_RESTAURANTE,ID_REPRESENTANTE) values ('9','15');
Insert into ISIS2304B041720.REPRESENTA (ID_RESTAURANTE,ID_REPRESENTANTE) values ('2','16');
Insert into ISIS2304B041720.REPRESENTA (ID_RESTAURANTE,ID_REPRESENTANTE) values ('4','22');
Insert into ISIS2304B041720.REPRESENTA (ID_RESTAURANTE,ID_REPRESENTANTE) values ('31','23');
Insert into ISIS2304B041720.REPRESENTA (ID_RESTAURANTE,ID_REPRESENTANTE) values ('26','25');
Insert into ISIS2304B041720.REPRESENTA (ID_RESTAURANTE,ID_REPRESENTANTE) values ('32','25');
Insert into ISIS2304B041720.REPRESENTA (ID_RESTAURANTE,ID_REPRESENTANTE) values ('8','26');
Insert into ISIS2304B041720.REPRESENTA (ID_RESTAURANTE,ID_REPRESENTANTE) values ('19','30');
Insert into ISIS2304B041720.REPRESENTA (ID_RESTAURANTE,ID_REPRESENTANTE) values ('35','30');
Insert into ISIS2304B041720.REPRESENTA (ID_RESTAURANTE,ID_REPRESENTANTE) values ('36','30');
Insert into ISIS2304B041720.REPRESENTA (ID_RESTAURANTE,ID_REPRESENTANTE) values ('1','31');
Insert into ISIS2304B041720.REPRESENTA (ID_RESTAURANTE,ID_REPRESENTANTE) values ('40','31');
Insert into ISIS2304B041720.REPRESENTA (ID_RESTAURANTE,ID_REPRESENTANTE) values ('10','32');
Insert into ISIS2304B041720.REPRESENTA (ID_RESTAURANTE,ID_REPRESENTANTE) values ('24','33');
Insert into ISIS2304B041720.REPRESENTA (ID_RESTAURANTE,ID_REPRESENTANTE) values ('11','34');
Insert into ISIS2304B041720.REPRESENTA (ID_RESTAURANTE,ID_REPRESENTANTE) values ('20','34');
Insert into ISIS2304B041720.REPRESENTA (ID_RESTAURANTE,ID_REPRESENTANTE) values ('21','35');
Insert into ISIS2304B041720.REPRESENTA (ID_RESTAURANTE,ID_REPRESENTANTE) values ('5','37');
Insert into ISIS2304B041720.REPRESENTA (ID_RESTAURANTE,ID_REPRESENTANTE) values ('22','37');
Insert into ISIS2304B041720.REPRESENTA (ID_RESTAURANTE,ID_REPRESENTANTE) values ('27','37');
Insert into ISIS2304B041720.REPRESENTA (ID_RESTAURANTE,ID_REPRESENTANTE) values ('6','38');
Insert into ISIS2304B041720.REPRESENTA (ID_RESTAURANTE,ID_REPRESENTANTE) values ('39','39');
REM INSERTING into ISIS2304B041720.REPRESENTANTES
SET DEFINE OFF;
Insert into ISIS2304B041720.REPRESENTANTES (ID,NAME,PASSWORD) values ('2','Agnese Elven','vLhKJoqj8C');
Insert into ISIS2304B041720.REPRESENTANTES (ID,NAME,PASSWORD) values ('4','Janenna Kuhl','T5BBAZCGshj');
Insert into ISIS2304B041720.REPRESENTANTES (ID,NAME,PASSWORD) values ('5','Pincas Hugnin','R1WCvNtMk8Sv');
Insert into ISIS2304B041720.REPRESENTANTES (ID,NAME,PASSWORD) values ('6','Milicent Lapthorne','Y32DXctXB');
Insert into ISIS2304B041720.REPRESENTANTES (ID,NAME,PASSWORD) values ('7','Lionel Syrad','Oc9OgSywi');
Insert into ISIS2304B041720.REPRESENTANTES (ID,NAME,PASSWORD) values ('8','Aubrey Symcock','dUTqorbZcxo');
Insert into ISIS2304B041720.REPRESENTANTES (ID,NAME,PASSWORD) values ('9','Olivier Queenborough','9vBZr6');
Insert into ISIS2304B041720.REPRESENTANTES (ID,NAME,PASSWORD) values ('10','Dalia Rixon','dYPxjI');
Insert into ISIS2304B041720.REPRESENTANTES (ID,NAME,PASSWORD) values ('11','Fred Nashe','6YqFr4OBX');
Insert into ISIS2304B041720.REPRESENTANTES (ID,NAME,PASSWORD) values ('12','Jodie Edinboro','pEzIlgxeQD');
Insert into ISIS2304B041720.REPRESENTANTES (ID,NAME,PASSWORD) values ('13','Donovan Mordecai','QvUV7a8LK');
Insert into ISIS2304B041720.REPRESENTANTES (ID,NAME,PASSWORD) values ('15','Odilia Stopp','wd6stEUn9');
Insert into ISIS2304B041720.REPRESENTANTES (ID,NAME,PASSWORD) values ('16','Bil Siege','egFTFJu');
Insert into ISIS2304B041720.REPRESENTANTES (ID,NAME,PASSWORD) values ('22','Minna Buntine','EoDMuI3YkN');
Insert into ISIS2304B041720.REPRESENTANTES (ID,NAME,PASSWORD) values ('23','Dov Cartledge','BkZbgkX2n7');
Insert into ISIS2304B041720.REPRESENTANTES (ID,NAME,PASSWORD) values ('25','Delainey Hargreave','n0tmKajo');
Insert into ISIS2304B041720.REPRESENTANTES (ID,NAME,PASSWORD) values ('26','Nicolais Duigan','G9lHdlIJSwM');
Insert into ISIS2304B041720.REPRESENTANTES (ID,NAME,PASSWORD) values ('30','Angie Housecroft','TEoUwPqYCT');
Insert into ISIS2304B041720.REPRESENTANTES (ID,NAME,PASSWORD) values ('31','Milka Arnson','yNDxUqM4');
Insert into ISIS2304B041720.REPRESENTANTES (ID,NAME,PASSWORD) values ('32','Hermy Tamblyn','ykAhWLnK');
Insert into ISIS2304B041720.REPRESENTANTES (ID,NAME,PASSWORD) values ('33','Dulcy Spenclay','CqryZWdVGnfQ');
Insert into ISIS2304B041720.REPRESENTANTES (ID,NAME,PASSWORD) values ('34','Alie Ridgers','2FxhWMO');
Insert into ISIS2304B041720.REPRESENTANTES (ID,NAME,PASSWORD) values ('35','Thorstein Snaith','8nZEq7');
Insert into ISIS2304B041720.REPRESENTANTES (ID,NAME,PASSWORD) values ('37','Isidro Valentinetti','ATNSq4UKz');
Insert into ISIS2304B041720.REPRESENTANTES (ID,NAME,PASSWORD) values ('38','Elva Collinge','RgLqU0U');
Insert into ISIS2304B041720.REPRESENTANTES (ID,NAME,PASSWORD) values ('39','Della McGarrie','GFZ9LR');
REM INSERTING into ISIS2304B041720.RESTAURANTES
SET DEFINE OFF;
Insert into ISIS2304B041720.RESTAURANTES (ID,NAME,PRECIO,ID_TIPO,ID_ZONA) values ('1','Redhold','5115','12','30');
Insert into ISIS2304B041720.RESTAURANTES (ID,NAME,PRECIO,ID_TIPO,ID_ZONA) values ('2','Solarbreeze','9495','12','36');
Insert into ISIS2304B041720.RESTAURANTES (ID,NAME,PRECIO,ID_TIPO,ID_ZONA) values ('3','Tres-Zap','9918','11','14');
Insert into ISIS2304B041720.RESTAURANTES (ID,NAME,PRECIO,ID_TIPO,ID_ZONA) values ('4','Domainer','8054','9','1');
Insert into ISIS2304B041720.RESTAURANTES (ID,NAME,PRECIO,ID_TIPO,ID_ZONA) values ('5','Home Ing','9171','6','31');
Insert into ISIS2304B041720.RESTAURANTES (ID,NAME,PRECIO,ID_TIPO,ID_ZONA) values ('6','Zoolab','7807','9','5');
Insert into ISIS2304B041720.RESTAURANTES (ID,NAME,PRECIO,ID_TIPO,ID_ZONA) values ('7','Namfix','3197','16','37');
Insert into ISIS2304B041720.RESTAURANTES (ID,NAME,PRECIO,ID_TIPO,ID_ZONA) values ('8','Pannier','1903','11','30');
Insert into ISIS2304B041720.RESTAURANTES (ID,NAME,PRECIO,ID_TIPO,ID_ZONA) values ('9','Namfix','5962','20','38');
Insert into ISIS2304B041720.RESTAURANTES (ID,NAME,PRECIO,ID_TIPO,ID_ZONA) values ('10','Zontrax','3458','4','5');
Insert into ISIS2304B041720.RESTAURANTES (ID,NAME,PRECIO,ID_TIPO,ID_ZONA) values ('11','Domainer','3547','10','17');
Insert into ISIS2304B041720.RESTAURANTES (ID,NAME,PRECIO,ID_TIPO,ID_ZONA) values ('12','Flexidy','2120','20','18');
Insert into ISIS2304B041720.RESTAURANTES (ID,NAME,PRECIO,ID_TIPO,ID_ZONA) values ('13','Konklux','9769','1','11');
Insert into ISIS2304B041720.RESTAURANTES (ID,NAME,PRECIO,ID_TIPO,ID_ZONA) values ('14','Tres-Zap','1516','12','11');
Insert into ISIS2304B041720.RESTAURANTES (ID,NAME,PRECIO,ID_TIPO,ID_ZONA) values ('15','Mat Lam Tam','9608','5','4');
Insert into ISIS2304B041720.RESTAURANTES (ID,NAME,PRECIO,ID_TIPO,ID_ZONA) values ('16','Voyatouch','8010','19','29');
Insert into ISIS2304B041720.RESTAURANTES (ID,NAME,PRECIO,ID_TIPO,ID_ZONA) values ('17','Alphazap','9804','16','14');
Insert into ISIS2304B041720.RESTAURANTES (ID,NAME,PRECIO,ID_TIPO,ID_ZONA) values ('18','Opela','4240','9','1');
Insert into ISIS2304B041720.RESTAURANTES (ID,NAME,PRECIO,ID_TIPO,ID_ZONA) values ('19','Zoolab','6893','14','16');
Insert into ISIS2304B041720.RESTAURANTES (ID,NAME,PRECIO,ID_TIPO,ID_ZONA) values ('20','Zamit','3372','2','19');
Insert into ISIS2304B041720.RESTAURANTES (ID,NAME,PRECIO,ID_TIPO,ID_ZONA) values ('21','Toughjoyfax','4335','13','36');
Insert into ISIS2304B041720.RESTAURANTES (ID,NAME,PRECIO,ID_TIPO,ID_ZONA) values ('22','Sonair','7274','16','24');
Insert into ISIS2304B041720.RESTAURANTES (ID,NAME,PRECIO,ID_TIPO,ID_ZONA) values ('23','Cardguard','6443','17','32');
Insert into ISIS2304B041720.RESTAURANTES (ID,NAME,PRECIO,ID_TIPO,ID_ZONA) values ('24','Ventosanzap','2080','1','8');
Insert into ISIS2304B041720.RESTAURANTES (ID,NAME,PRECIO,ID_TIPO,ID_ZONA) values ('25','Cardify','4308','7','24');
Insert into ISIS2304B041720.RESTAURANTES (ID,NAME,PRECIO,ID_TIPO,ID_ZONA) values ('26','Tin','1364','1','26');
Insert into ISIS2304B041720.RESTAURANTES (ID,NAME,PRECIO,ID_TIPO,ID_ZONA) values ('27','Y-Solowarm','1700','9','7');
Insert into ISIS2304B041720.RESTAURANTES (ID,NAME,PRECIO,ID_TIPO,ID_ZONA) values ('28','Domainer','9333','16','17');
Insert into ISIS2304B041720.RESTAURANTES (ID,NAME,PRECIO,ID_TIPO,ID_ZONA) values ('29','Flowdesk','6842','3','3');
Insert into ISIS2304B041720.RESTAURANTES (ID,NAME,PRECIO,ID_TIPO,ID_ZONA) values ('30','Bytecard','5193','14','1');
Insert into ISIS2304B041720.RESTAURANTES (ID,NAME,PRECIO,ID_TIPO,ID_ZONA) values ('31','Aerified','3581','15','28');
Insert into ISIS2304B041720.RESTAURANTES (ID,NAME,PRECIO,ID_TIPO,ID_ZONA) values ('32','Bigtax','3204','7','15');
Insert into ISIS2304B041720.RESTAURANTES (ID,NAME,PRECIO,ID_TIPO,ID_ZONA) values ('33','Subin','7929','19','22');
Insert into ISIS2304B041720.RESTAURANTES (ID,NAME,PRECIO,ID_TIPO,ID_ZONA) values ('34','Opela','6766','17','31');
Insert into ISIS2304B041720.RESTAURANTES (ID,NAME,PRECIO,ID_TIPO,ID_ZONA) values ('35','Holdlamis','2959','8','4');
Insert into ISIS2304B041720.RESTAURANTES (ID,NAME,PRECIO,ID_TIPO,ID_ZONA) values ('36','Stronghold','8143','8','4');
Insert into ISIS2304B041720.RESTAURANTES (ID,NAME,PRECIO,ID_TIPO,ID_ZONA) values ('37','Domainer','9371','12','33');
Insert into ISIS2304B041720.RESTAURANTES (ID,NAME,PRECIO,ID_TIPO,ID_ZONA) values ('38','Flexidy','6276','17','2');
Insert into ISIS2304B041720.RESTAURANTES (ID,NAME,PRECIO,ID_TIPO,ID_ZONA) values ('39','Tres-Zap','3761','13','38');
Insert into ISIS2304B041720.RESTAURANTES (ID,NAME,PRECIO,ID_TIPO,ID_ZONA) values ('40','Alpha','1434','3','34');
REM INSERTING into ISIS2304B041720.TIPOPRODUCTO
SET DEFINE OFF;
Insert into ISIS2304B041720.TIPOPRODUCTO (ID_PROD,ID_TIPO) values ('1','9');
Insert into ISIS2304B041720.TIPOPRODUCTO (ID_PROD,ID_TIPO) values ('3','12');
Insert into ISIS2304B041720.TIPOPRODUCTO (ID_PROD,ID_TIPO) values ('3','15');
Insert into ISIS2304B041720.TIPOPRODUCTO (ID_PROD,ID_TIPO) values ('6','4');
Insert into ISIS2304B041720.TIPOPRODUCTO (ID_PROD,ID_TIPO) values ('6','13');
Insert into ISIS2304B041720.TIPOPRODUCTO (ID_PROD,ID_TIPO) values ('6','16');
Insert into ISIS2304B041720.TIPOPRODUCTO (ID_PROD,ID_TIPO) values ('7','16');
Insert into ISIS2304B041720.TIPOPRODUCTO (ID_PROD,ID_TIPO) values ('7','20');
Insert into ISIS2304B041720.TIPOPRODUCTO (ID_PROD,ID_TIPO) values ('8','1');
Insert into ISIS2304B041720.TIPOPRODUCTO (ID_PROD,ID_TIPO) values ('8','2');
Insert into ISIS2304B041720.TIPOPRODUCTO (ID_PROD,ID_TIPO) values ('10','2');
Insert into ISIS2304B041720.TIPOPRODUCTO (ID_PROD,ID_TIPO) values ('10','4');
Insert into ISIS2304B041720.TIPOPRODUCTO (ID_PROD,ID_TIPO) values ('10','8');
Insert into ISIS2304B041720.TIPOPRODUCTO (ID_PROD,ID_TIPO) values ('10','10');
Insert into ISIS2304B041720.TIPOPRODUCTO (ID_PROD,ID_TIPO) values ('10','20');
Insert into ISIS2304B041720.TIPOPRODUCTO (ID_PROD,ID_TIPO) values ('11','7');
Insert into ISIS2304B041720.TIPOPRODUCTO (ID_PROD,ID_TIPO) values ('11','10');
Insert into ISIS2304B041720.TIPOPRODUCTO (ID_PROD,ID_TIPO) values ('11','14');
Insert into ISIS2304B041720.TIPOPRODUCTO (ID_PROD,ID_TIPO) values ('12','12');
Insert into ISIS2304B041720.TIPOPRODUCTO (ID_PROD,ID_TIPO) values ('13','2');
Insert into ISIS2304B041720.TIPOPRODUCTO (ID_PROD,ID_TIPO) values ('13','16');
Insert into ISIS2304B041720.TIPOPRODUCTO (ID_PROD,ID_TIPO) values ('14','1');
Insert into ISIS2304B041720.TIPOPRODUCTO (ID_PROD,ID_TIPO) values ('14','17');
Insert into ISIS2304B041720.TIPOPRODUCTO (ID_PROD,ID_TIPO) values ('14','18');
Insert into ISIS2304B041720.TIPOPRODUCTO (ID_PROD,ID_TIPO) values ('15','2');
Insert into ISIS2304B041720.TIPOPRODUCTO (ID_PROD,ID_TIPO) values ('15','4');
Insert into ISIS2304B041720.TIPOPRODUCTO (ID_PROD,ID_TIPO) values ('15','5');
Insert into ISIS2304B041720.TIPOPRODUCTO (ID_PROD,ID_TIPO) values ('15','11');
Insert into ISIS2304B041720.TIPOPRODUCTO (ID_PROD,ID_TIPO) values ('16','12');
Insert into ISIS2304B041720.TIPOPRODUCTO (ID_PROD,ID_TIPO) values ('16','20');
Insert into ISIS2304B041720.TIPOPRODUCTO (ID_PROD,ID_TIPO) values ('18','3');
Insert into ISIS2304B041720.TIPOPRODUCTO (ID_PROD,ID_TIPO) values ('18','11');
Insert into ISIS2304B041720.TIPOPRODUCTO (ID_PROD,ID_TIPO) values ('18','20');
Insert into ISIS2304B041720.TIPOPRODUCTO (ID_PROD,ID_TIPO) values ('19','6');
Insert into ISIS2304B041720.TIPOPRODUCTO (ID_PROD,ID_TIPO) values ('19','15');
Insert into ISIS2304B041720.TIPOPRODUCTO (ID_PROD,ID_TIPO) values ('19','16');
Insert into ISIS2304B041720.TIPOPRODUCTO (ID_PROD,ID_TIPO) values ('20','2');
Insert into ISIS2304B041720.TIPOPRODUCTO (ID_PROD,ID_TIPO) values ('20','15');
REM INSERTING into ISIS2304B041720.TIPOS
SET DEFINE OFF;
Insert into ISIS2304B041720.TIPOS (ID,NAME) values ('1','Red');
Insert into ISIS2304B041720.TIPOS (ID,NAME) values ('2','Goldenrod');
Insert into ISIS2304B041720.TIPOS (ID,NAME) values ('3','Aquamarine');
Insert into ISIS2304B041720.TIPOS (ID,NAME) values ('4','Fuscia');
Insert into ISIS2304B041720.TIPOS (ID,NAME) values ('5','Orange1');
Insert into ISIS2304B041720.TIPOS (ID,NAME) values ('6','Orange2');
Insert into ISIS2304B041720.TIPOS (ID,NAME) values ('7','Green');
Insert into ISIS2304B041720.TIPOS (ID,NAME) values ('8','Crimson');
Insert into ISIS2304B041720.TIPOS (ID,NAME) values ('9','Pink');
Insert into ISIS2304B041720.TIPOS (ID,NAME) values ('10','Mauv');
Insert into ISIS2304B041720.TIPOS (ID,NAME) values ('11','Indigo');
Insert into ISIS2304B041720.TIPOS (ID,NAME) values ('12','Puce');
Insert into ISIS2304B041720.TIPOS (ID,NAME) values ('13','Orange3');
Insert into ISIS2304B041720.TIPOS (ID,NAME) values ('14','Maroon');
Insert into ISIS2304B041720.TIPOS (ID,NAME) values ('15','Pink2');
Insert into ISIS2304B041720.TIPOS (ID,NAME) values ('16','Violet');
Insert into ISIS2304B041720.TIPOS (ID,NAME) values ('17','Green2');
Insert into ISIS2304B041720.TIPOS (ID,NAME) values ('18','Teal');
Insert into ISIS2304B041720.TIPOS (ID,NAME) values ('19','Blue');
Insert into ISIS2304B041720.TIPOS (ID,NAME) values ('20','Blue1');
REM INSERTING into ISIS2304B041720.ZONAS
SET DEFINE OFF;
Insert into ISIS2304B041720.ZONAS (ID,NAME,ESPACIO_ABIERTO,CAPACIDAD,INCLUYENTE) values ('1','volutpat','1','711','1');
Insert into ISIS2304B041720.ZONAS (ID,NAME,ESPACIO_ABIERTO,CAPACIDAD,INCLUYENTE) values ('2','est lacinia','1','935','0');
Insert into ISIS2304B041720.ZONAS (ID,NAME,ESPACIO_ABIERTO,CAPACIDAD,INCLUYENTE) values ('3','habitasse platea','0','578','1');
Insert into ISIS2304B041720.ZONAS (ID,NAME,ESPACIO_ABIERTO,CAPACIDAD,INCLUYENTE) values ('4','libero','1','924','1');
Insert into ISIS2304B041720.ZONAS (ID,NAME,ESPACIO_ABIERTO,CAPACIDAD,INCLUYENTE) values ('5','sed','0','917','0');
Insert into ISIS2304B041720.ZONAS (ID,NAME,ESPACIO_ABIERTO,CAPACIDAD,INCLUYENTE) values ('6','in','0','191','0');
Insert into ISIS2304B041720.ZONAS (ID,NAME,ESPACIO_ABIERTO,CAPACIDAD,INCLUYENTE) values ('7','consectetuer adipiscing','1','870','1');
Insert into ISIS2304B041720.ZONAS (ID,NAME,ESPACIO_ABIERTO,CAPACIDAD,INCLUYENTE) values ('8','congue etiam','1','935','0');
Insert into ISIS2304B041720.ZONAS (ID,NAME,ESPACIO_ABIERTO,CAPACIDAD,INCLUYENTE) values ('9','justo','0','2','1');
Insert into ISIS2304B041720.ZONAS (ID,NAME,ESPACIO_ABIERTO,CAPACIDAD,INCLUYENTE) values ('10','sit','0','30','0');
Insert into ISIS2304B041720.ZONAS (ID,NAME,ESPACIO_ABIERTO,CAPACIDAD,INCLUYENTE) values ('11','sapien non','1','386','1');
Insert into ISIS2304B041720.ZONAS (ID,NAME,ESPACIO_ABIERTO,CAPACIDAD,INCLUYENTE) values ('12','elementum ligula','1','757','0');
Insert into ISIS2304B041720.ZONAS (ID,NAME,ESPACIO_ABIERTO,CAPACIDAD,INCLUYENTE) values ('13','in tempor','1','726','0');
Insert into ISIS2304B041720.ZONAS (ID,NAME,ESPACIO_ABIERTO,CAPACIDAD,INCLUYENTE) values ('14','vel pede','0','671','1');
Insert into ISIS2304B041720.ZONAS (ID,NAME,ESPACIO_ABIERTO,CAPACIDAD,INCLUYENTE) values ('15','nullam','1','490','0');
Insert into ISIS2304B041720.ZONAS (ID,NAME,ESPACIO_ABIERTO,CAPACIDAD,INCLUYENTE) values ('16','eget','0','189','1');
Insert into ISIS2304B041720.ZONAS (ID,NAME,ESPACIO_ABIERTO,CAPACIDAD,INCLUYENTE) values ('17','posuere cubilia','1','198','0');
Insert into ISIS2304B041720.ZONAS (ID,NAME,ESPACIO_ABIERTO,CAPACIDAD,INCLUYENTE) values ('18','ut','1','680','0');
Insert into ISIS2304B041720.ZONAS (ID,NAME,ESPACIO_ABIERTO,CAPACIDAD,INCLUYENTE) values ('19','purus','0','281','0');
Insert into ISIS2304B041720.ZONAS (ID,NAME,ESPACIO_ABIERTO,CAPACIDAD,INCLUYENTE) values ('20','enim sit','1','648','1');
Insert into ISIS2304B041720.ZONAS (ID,NAME,ESPACIO_ABIERTO,CAPACIDAD,INCLUYENTE) values ('21','congue vivamus','1','145','0');
Insert into ISIS2304B041720.ZONAS (ID,NAME,ESPACIO_ABIERTO,CAPACIDAD,INCLUYENTE) values ('22','cras','1','607','0');
Insert into ISIS2304B041720.ZONAS (ID,NAME,ESPACIO_ABIERTO,CAPACIDAD,INCLUYENTE) values ('23','faucibus','0','616','0');
Insert into ISIS2304B041720.ZONAS (ID,NAME,ESPACIO_ABIERTO,CAPACIDAD,INCLUYENTE) values ('24','pulvinar','0','312','1');
Insert into ISIS2304B041720.ZONAS (ID,NAME,ESPACIO_ABIERTO,CAPACIDAD,INCLUYENTE) values ('25','nisl','1','562','1');
Insert into ISIS2304B041720.ZONAS (ID,NAME,ESPACIO_ABIERTO,CAPACIDAD,INCLUYENTE) values ('26','id consequat','1','708','0');
Insert into ISIS2304B041720.ZONAS (ID,NAME,ESPACIO_ABIERTO,CAPACIDAD,INCLUYENTE) values ('27','nam congue','1','526','1');
Insert into ISIS2304B041720.ZONAS (ID,NAME,ESPACIO_ABIERTO,CAPACIDAD,INCLUYENTE) values ('28','nulla','1','561','1');
Insert into ISIS2304B041720.ZONAS (ID,NAME,ESPACIO_ABIERTO,CAPACIDAD,INCLUYENTE) values ('29','non','0','249','0');
Insert into ISIS2304B041720.ZONAS (ID,NAME,ESPACIO_ABIERTO,CAPACIDAD,INCLUYENTE) values ('30','nulla','1','855','0');
Insert into ISIS2304B041720.ZONAS (ID,NAME,ESPACIO_ABIERTO,CAPACIDAD,INCLUYENTE) values ('31','in','1','812','1');
Insert into ISIS2304B041720.ZONAS (ID,NAME,ESPACIO_ABIERTO,CAPACIDAD,INCLUYENTE) values ('32','lectus','0','771','1');
Insert into ISIS2304B041720.ZONAS (ID,NAME,ESPACIO_ABIERTO,CAPACIDAD,INCLUYENTE) values ('33','blandit ultrices','1','730','1');
Insert into ISIS2304B041720.ZONAS (ID,NAME,ESPACIO_ABIERTO,CAPACIDAD,INCLUYENTE) values ('34','quis justo','1','777','0');
Insert into ISIS2304B041720.ZONAS (ID,NAME,ESPACIO_ABIERTO,CAPACIDAD,INCLUYENTE) values ('35','lacus','1','620','0');
Insert into ISIS2304B041720.ZONAS (ID,NAME,ESPACIO_ABIERTO,CAPACIDAD,INCLUYENTE) values ('36','justo','1','907','1');
Insert into ISIS2304B041720.ZONAS (ID,NAME,ESPACIO_ABIERTO,CAPACIDAD,INCLUYENTE) values ('37','in congue','1','6','0');
Insert into ISIS2304B041720.ZONAS (ID,NAME,ESPACIO_ABIERTO,CAPACIDAD,INCLUYENTE) values ('38','in leo','0','128','0');
Insert into ISIS2304B041720.ZONAS (ID,NAME,ESPACIO_ABIERTO,CAPACIDAD,INCLUYENTE) values ('39','ut at','0','186','0');
Insert into ISIS2304B041720.ZONAS (ID,NAME,ESPACIO_ABIERTO,CAPACIDAD,INCLUYENTE) values ('40','nulla suscipit','0','20','1');
--------------------------------------------------------
--  DDL for Index BEBIDA_PK
--------------------------------------------------------

  CREATE UNIQUE INDEX "ISIS2304B041720"."BEBIDA_PK" ON "ISIS2304B041720"."BEBIDAS" ("ID") 
  PCTFREE 10 INITRANS 2 MAXTRANS 255 COMPUTE STATISTICS NOLOGGING 
  STORAGE(INITIAL 65536 NEXT 1048576 MINEXTENTS 1 MAXEXTENTS 2147483645
  PCTINCREASE 0 FREELISTS 1 FREELIST GROUPS 1
  BUFFER_POOL DEFAULT FLASH_CACHE DEFAULT CELL_FLASH_CACHE DEFAULT)
  TABLESPACE "TBSPROD" ;
--------------------------------------------------------
--  DDL for Index PRODUCTNODUPLICADOS
--------------------------------------------------------

  CREATE UNIQUE INDEX "ISIS2304B041720"."PRODUCTNODUPLICADOS" ON "ISIS2304B041720"."BEBIDAS" ("ID_PRODUCTO") 
  PCTFREE 10 INITRANS 2 MAXTRANS 255 COMPUTE STATISTICS NOLOGGING 
  STORAGE(INITIAL 65536 NEXT 1048576 MINEXTENTS 1 MAXEXTENTS 2147483645
  PCTINCREASE 0 FREELISTS 1 FREELIST GROUPS 1
  BUFFER_POOL DEFAULT FLASH_CACHE DEFAULT CELL_FLASH_CACHE DEFAULT)
  TABLESPACE "TBSPROD" ;
--------------------------------------------------------
--  DDL for Index PK_CLIENTE
--------------------------------------------------------

  CREATE UNIQUE INDEX "ISIS2304B041720"."PK_CLIENTE" ON "ISIS2304B041720"."CLIENTES" ("ID") 
  PCTFREE 10 INITRANS 2 MAXTRANS 255 COMPUTE STATISTICS NOLOGGING 
  STORAGE(INITIAL 65536 NEXT 1048576 MINEXTENTS 1 MAXEXTENTS 2147483645
  PCTINCREASE 0 FREELISTS 1 FREELIST GROUPS 1
  BUFFER_POOL DEFAULT FLASH_CACHE DEFAULT CELL_FLASH_CACHE DEFAULT)
  TABLESPACE "TBSPROD" ;
--------------------------------------------------------
--  DDL for Index PK_CLNTFRC
--------------------------------------------------------

  CREATE UNIQUE INDEX "ISIS2304B041720"."PK_CLNTFRC" ON "ISIS2304B041720"."CLIENTESFRECUENTES" ("ID") 
  PCTFREE 10 INITRANS 2 MAXTRANS 255 COMPUTE STATISTICS NOLOGGING 
  STORAGE(INITIAL 65536 NEXT 1048576 MINEXTENTS 1 MAXEXTENTS 2147483645
  PCTINCREASE 0 FREELISTS 1 FREELIST GROUPS 1
  BUFFER_POOL DEFAULT FLASH_CACHE DEFAULT CELL_FLASH_CACHE DEFAULT)
  TABLESPACE "TBSPROD" ;
--------------------------------------------------------
--  DDL for Index PK_CONDICION
--------------------------------------------------------

  CREATE UNIQUE INDEX "ISIS2304B041720"."PK_CONDICION" ON "ISIS2304B041720"."CONDICIONESTECNICAS" ("ID") 
  PCTFREE 10 INITRANS 2 MAXTRANS 255 NOLOGGING 
  STORAGE(INITIAL 65536 NEXT 1048576 MINEXTENTS 1 MAXEXTENTS 2147483645
  PCTINCREASE 0 FREELISTS 1 FREELIST GROUPS 1
  BUFFER_POOL DEFAULT FLASH_CACHE DEFAULT CELL_FLASH_CACHE DEFAULT)
  TABLESPACE "TBSPROD" ;
--------------------------------------------------------
--  DDL for Index PK_CONDZONA
--------------------------------------------------------

  CREATE UNIQUE INDEX "ISIS2304B041720"."PK_CONDZONA" ON "ISIS2304B041720"."CONDICIONZONA" ("ID_ZONA", "ID_CONDICION") 
  PCTFREE 10 INITRANS 2 MAXTRANS 255 NOLOGGING 
  STORAGE(INITIAL 65536 NEXT 1048576 MINEXTENTS 1 MAXEXTENTS 2147483645
  PCTINCREASE 0 FREELISTS 1 FREELIST GROUPS 1
  BUFFER_POOL DEFAULT FLASH_CACHE DEFAULT CELL_FLASH_CACHE DEFAULT)
  TABLESPACE "TBSPROD" ;
--------------------------------------------------------
--  DDL for Index PK_ENTRADA
--------------------------------------------------------

  CREATE UNIQUE INDEX "ISIS2304B041720"."PK_ENTRADA" ON "ISIS2304B041720"."ENTRADAS" ("ID") 
  PCTFREE 10 INITRANS 2 MAXTRANS 255 COMPUTE STATISTICS NOLOGGING 
  STORAGE(INITIAL 65536 NEXT 1048576 MINEXTENTS 1 MAXEXTENTS 2147483645
  PCTINCREASE 0 FREELISTS 1 FREELIST GROUPS 1
  BUFFER_POOL DEFAULT FLASH_CACHE DEFAULT CELL_FLASH_CACHE DEFAULT)
  TABLESPACE "TBSPROD" ;
--------------------------------------------------------
--  DDL for Index PRODNODUPLENTR
--------------------------------------------------------

  CREATE UNIQUE INDEX "ISIS2304B041720"."PRODNODUPLENTR" ON "ISIS2304B041720"."ENTRADAS" ("ID_PRODUCTO") 
  PCTFREE 10 INITRANS 2 MAXTRANS 255 COMPUTE STATISTICS NOLOGGING 
  STORAGE(INITIAL 65536 NEXT 1048576 MINEXTENTS 1 MAXEXTENTS 2147483645
  PCTINCREASE 0 FREELISTS 1 FREELIST GROUPS 1
  BUFFER_POOL DEFAULT FLASH_CACHE DEFAULT CELL_FLASH_CACHE DEFAULT)
  TABLESPACE "TBSPROD" ;
--------------------------------------------------------
--  DDL for Index INGREDIENTE_PK
--------------------------------------------------------

  CREATE UNIQUE INDEX "ISIS2304B041720"."INGREDIENTE_PK" ON "ISIS2304B041720"."INGREDIENTES" ("ID") 
  PCTFREE 10 INITRANS 2 MAXTRANS 255 COMPUTE STATISTICS NOLOGGING 
  STORAGE(INITIAL 65536 NEXT 1048576 MINEXTENTS 1 MAXEXTENTS 2147483645
  PCTINCREASE 0 FREELISTS 1 FREELIST GROUPS 1
  BUFFER_POOL DEFAULT FLASH_CACHE DEFAULT CELL_FLASH_CACHE DEFAULT)
  TABLESPACE "TBSPROD" ;
--------------------------------------------------------
--  DDL for Index UNICOINGREDIENTE
--------------------------------------------------------

  CREATE UNIQUE INDEX "ISIS2304B041720"."UNICOINGREDIENTE" ON "ISIS2304B041720"."INGREDIENTES" ("NAME") 
  PCTFREE 10 INITRANS 2 MAXTRANS 255 COMPUTE STATISTICS NOLOGGING 
  STORAGE(INITIAL 65536 NEXT 1048576 MINEXTENTS 1 MAXEXTENTS 2147483645
  PCTINCREASE 0 FREELISTS 1 FREELIST GROUPS 1
  BUFFER_POOL DEFAULT FLASH_CACHE DEFAULT CELL_FLASH_CACHE DEFAULT)
  TABLESPACE "TBSPROD" ;
--------------------------------------------------------
--  DDL for Index PK_ISIMILARES
--------------------------------------------------------

  CREATE UNIQUE INDEX "ISIS2304B041720"."PK_ISIMILARES" ON "ISIS2304B041720"."INGREDIENTESSIMILARES" ("ID_INGREDIENTE1", "ID_INGREDIENTE2") 
  PCTFREE 10 INITRANS 2 MAXTRANS 255 COMPUTE STATISTICS NOLOGGING 
  STORAGE(INITIAL 65536 NEXT 1048576 MINEXTENTS 1 MAXEXTENTS 2147483645
  PCTINCREASE 0 FREELISTS 1 FREELIST GROUPS 1
  BUFFER_POOL DEFAULT FLASH_CACHE DEFAULT CELL_FLASH_CACHE DEFAULT)
  TABLESPACE "TBSPROD" ;
--------------------------------------------------------
--  DDL for Index VIDEOS_PK
--------------------------------------------------------

  CREATE UNIQUE INDEX "ISIS2304B041720"."VIDEOS_PK" ON "ISIS2304B041720"."MENUS" ("ID") 
  PCTFREE 10 INITRANS 2 MAXTRANS 255 NOLOGGING 
  STORAGE(INITIAL 65536 NEXT 1048576 MINEXTENTS 1 MAXEXTENTS 2147483645
  PCTINCREASE 0 FREELISTS 1 FREELIST GROUPS 1
  BUFFER_POOL DEFAULT FLASH_CACHE DEFAULT CELL_FLASH_CACHE DEFAULT)
  TABLESPACE "TBSPROD" ;
--------------------------------------------------------
--  DDL for Index PRODNODUPLMEN
--------------------------------------------------------

  CREATE UNIQUE INDEX "ISIS2304B041720"."PRODNODUPLMEN" ON "ISIS2304B041720"."MENUS" ("ID_PRODUCTO") 
  PCTFREE 10 INITRANS 2 MAXTRANS 255 COMPUTE STATISTICS NOLOGGING 
  STORAGE(INITIAL 65536 NEXT 1048576 MINEXTENTS 1 MAXEXTENTS 2147483645
  PCTINCREASE 0 FREELISTS 1 FREELIST GROUPS 1
  BUFFER_POOL DEFAULT FLASH_CACHE DEFAULT CELL_FLASH_CACHE DEFAULT)
  TABLESPACE "TBSPROD" ;
--------------------------------------------------------
--  DDL for Index PK_ORDEN
--------------------------------------------------------

  CREATE UNIQUE INDEX "ISIS2304B041720"."PK_ORDEN" ON "ISIS2304B041720"."ORDENES" ("ID") 
  PCTFREE 10 INITRANS 2 MAXTRANS 255 NOLOGGING 
  STORAGE(INITIAL 65536 NEXT 1048576 MINEXTENTS 1 MAXEXTENTS 2147483645
  PCTINCREASE 0 FREELISTS 1 FREELIST GROUPS 1
  BUFFER_POOL DEFAULT FLASH_CACHE DEFAULT CELL_FLASH_CACHE DEFAULT)
  TABLESPACE "TBSPROD" ;
--------------------------------------------------------
--  DDL for Index PK_PEDIDO
--------------------------------------------------------

  CREATE UNIQUE INDEX "ISIS2304B041720"."PK_PEDIDO" ON "ISIS2304B041720"."PEDIDOS" ("ID") 
  PCTFREE 10 INITRANS 2 MAXTRANS 255 NOLOGGING 
  STORAGE(INITIAL 65536 NEXT 1048576 MINEXTENTS 1 MAXEXTENTS 2147483645
  PCTINCREASE 0 FREELISTS 1 FREELIST GROUPS 1
  BUFFER_POOL DEFAULT FLASH_CACHE DEFAULT CELL_FLASH_CACHE DEFAULT)
  TABLESPACE "TBSPROD" ;
--------------------------------------------------------
--  DDL for Index PK_PEDIDORDEN
--------------------------------------------------------

  CREATE UNIQUE INDEX "ISIS2304B041720"."PK_PEDIDORDEN" ON "ISIS2304B041720"."PEDIDOSDEORDEN" ("ID_ORDEN", "ID_PEDIDO") 
  PCTFREE 10 INITRANS 2 MAXTRANS 255 NOLOGGING 
  STORAGE(INITIAL 65536 NEXT 1048576 MINEXTENTS 1 MAXEXTENTS 2147483645
  PCTINCREASE 0 FREELISTS 1 FREELIST GROUPS 1
  BUFFER_POOL DEFAULT FLASH_CACHE DEFAULT CELL_FLASH_CACHE DEFAULT)
  TABLESPACE "TBSPROD" ;
--------------------------------------------------------
--  DDL for Index PLATOFUERTE_PK
--------------------------------------------------------

  CREATE UNIQUE INDEX "ISIS2304B041720"."PLATOFUERTE_PK" ON "ISIS2304B041720"."PLATOSFUERTES" ("ID") 
  PCTFREE 10 INITRANS 2 MAXTRANS 255 NOLOGGING 
  STORAGE(INITIAL 65536 NEXT 1048576 MINEXTENTS 1 MAXEXTENTS 2147483645
  PCTINCREASE 0 FREELISTS 1 FREELIST GROUPS 1
  BUFFER_POOL DEFAULT FLASH_CACHE DEFAULT CELL_FLASH_CACHE DEFAULT)
  TABLESPACE "TBSPROD" ;
--------------------------------------------------------
--  DDL for Index PRODNODUPLPT
--------------------------------------------------------

  CREATE UNIQUE INDEX "ISIS2304B041720"."PRODNODUPLPT" ON "ISIS2304B041720"."PLATOSFUERTES" ("ID_PRODUCTO") 
  PCTFREE 10 INITRANS 2 MAXTRANS 255 COMPUTE STATISTICS NOLOGGING 
  STORAGE(INITIAL 65536 NEXT 1048576 MINEXTENTS 1 MAXEXTENTS 2147483645
  PCTINCREASE 0 FREELISTS 1 FREELIST GROUPS 1
  BUFFER_POOL DEFAULT FLASH_CACHE DEFAULT CELL_FLASH_CACHE DEFAULT)
  TABLESPACE "TBSPROD" ;
--------------------------------------------------------
--  DDL for Index POSTRE_PK
--------------------------------------------------------

  CREATE UNIQUE INDEX "ISIS2304B041720"."POSTRE_PK" ON "ISIS2304B041720"."POSTRES" ("ID") 
  PCTFREE 10 INITRANS 2 MAXTRANS 255 COMPUTE STATISTICS NOLOGGING 
  STORAGE(INITIAL 65536 NEXT 1048576 MINEXTENTS 1 MAXEXTENTS 2147483645
  PCTINCREASE 0 FREELISTS 1 FREELIST GROUPS 1
  BUFFER_POOL DEFAULT FLASH_CACHE DEFAULT CELL_FLASH_CACHE DEFAULT)
  TABLESPACE "TBSPROD" ;
--------------------------------------------------------
--  DDL for Index PRODNODUPLPOS
--------------------------------------------------------

  CREATE UNIQUE INDEX "ISIS2304B041720"."PRODNODUPLPOS" ON "ISIS2304B041720"."POSTRES" ("ID_PRODUCTO") 
  PCTFREE 10 INITRANS 2 MAXTRANS 255 COMPUTE STATISTICS NOLOGGING 
  STORAGE(INITIAL 65536 NEXT 1048576 MINEXTENTS 1 MAXEXTENTS 2147483645
  PCTINCREASE 0 FREELISTS 1 FREELIST GROUPS 1
  BUFFER_POOL DEFAULT FLASH_CACHE DEFAULT CELL_FLASH_CACHE DEFAULT)
  TABLESPACE "TBSPROD" ;
--------------------------------------------------------
--  DDL for Index PK_PREFERENCIAS
--------------------------------------------------------

  CREATE UNIQUE INDEX "ISIS2304B041720"."PK_PREFERENCIAS" ON "ISIS2304B041720"."PREFERENCIAS" ("ID_CLIENTEFRECUENTE", "ID_PRODUCTO") 
  PCTFREE 10 INITRANS 2 MAXTRANS 255 NOLOGGING 
  STORAGE(INITIAL 65536 NEXT 1048576 MINEXTENTS 1 MAXEXTENTS 2147483645
  PCTINCREASE 0 FREELISTS 1 FREELIST GROUPS 1
  BUFFER_POOL DEFAULT FLASH_CACHE DEFAULT CELL_FLASH_CACHE DEFAULT)
  TABLESPACE "TBSPROD" ;
--------------------------------------------------------
--  DDL for Index PRODUCTO_PK
--------------------------------------------------------

  CREATE UNIQUE INDEX "ISIS2304B041720"."PRODUCTO_PK" ON "ISIS2304B041720"."PRODUCTOS" ("ID") 
  PCTFREE 10 INITRANS 2 MAXTRANS 255 COMPUTE STATISTICS NOLOGGING 
  STORAGE(INITIAL 65536 NEXT 1048576 MINEXTENTS 1 MAXEXTENTS 2147483645
  PCTINCREASE 0 FREELISTS 1 FREELIST GROUPS 1
  BUFFER_POOL DEFAULT FLASH_CACHE DEFAULT CELL_FLASH_CACHE DEFAULT)
  TABLESPACE "TBSPROD" ;
--------------------------------------------------------
--  DDL for Index PK_PSIMILARES
--------------------------------------------------------

  CREATE UNIQUE INDEX "ISIS2304B041720"."PK_PSIMILARES" ON "ISIS2304B041720"."PRODUCTOSSIMILARES" ("ID_PRODUCTO1", "ID_PRODUCTO2") 
  PCTFREE 10 INITRANS 2 MAXTRANS 255 COMPUTE STATISTICS NOLOGGING 
  STORAGE(INITIAL 65536 NEXT 1048576 MINEXTENTS 1 MAXEXTENTS 2147483645
  PCTINCREASE 0 FREELISTS 1 FREELIST GROUPS 1
  BUFFER_POOL DEFAULT FLASH_CACHE DEFAULT CELL_FLASH_CACHE DEFAULT)
  TABLESPACE "TBSPROD" ;
--------------------------------------------------------
--  DDL for Index PK_REPRESENTACION
--------------------------------------------------------

  CREATE UNIQUE INDEX "ISIS2304B041720"."PK_REPRESENTACION" ON "ISIS2304B041720"."REPRESENTA" ("ID_REPRESENTANTE", "ID_RESTAURANTE") 
  PCTFREE 10 INITRANS 2 MAXTRANS 255 COMPUTE STATISTICS NOLOGGING 
  STORAGE(INITIAL 65536 NEXT 1048576 MINEXTENTS 1 MAXEXTENTS 2147483645
  PCTINCREASE 0 FREELISTS 1 FREELIST GROUPS 1
  BUFFER_POOL DEFAULT FLASH_CACHE DEFAULT CELL_FLASH_CACHE DEFAULT)
  TABLESPACE "TBSPROD" ;
--------------------------------------------------------
--  DDL for Index RESTUNICO
--------------------------------------------------------

  CREATE UNIQUE INDEX "ISIS2304B041720"."RESTUNICO" ON "ISIS2304B041720"."REPRESENTA" ("ID_RESTAURANTE") 
  PCTFREE 10 INITRANS 2 MAXTRANS 255 COMPUTE STATISTICS NOLOGGING 
  STORAGE(INITIAL 65536 NEXT 1048576 MINEXTENTS 1 MAXEXTENTS 2147483645
  PCTINCREASE 0 FREELISTS 1 FREELIST GROUPS 1
  BUFFER_POOL DEFAULT FLASH_CACHE DEFAULT CELL_FLASH_CACHE DEFAULT)
  TABLESPACE "TBSPROD" ;
--------------------------------------------------------
--  DDL for Index PK_REPRESENTANTES
--------------------------------------------------------

  CREATE UNIQUE INDEX "ISIS2304B041720"."PK_REPRESENTANTES" ON "ISIS2304B041720"."REPRESENTANTES" ("ID") 
  PCTFREE 10 INITRANS 2 MAXTRANS 255 COMPUTE STATISTICS NOLOGGING 
  STORAGE(INITIAL 65536 NEXT 1048576 MINEXTENTS 1 MAXEXTENTS 2147483645
  PCTINCREASE 0 FREELISTS 1 FREELIST GROUPS 1
  BUFFER_POOL DEFAULT FLASH_CACHE DEFAULT CELL_FLASH_CACHE DEFAULT)
  TABLESPACE "TBSPROD" ;
--------------------------------------------------------
--  DDL for Index VIDEOS_PK1
--------------------------------------------------------

  CREATE UNIQUE INDEX "ISIS2304B041720"."VIDEOS_PK1" ON "ISIS2304B041720"."RESTAURANTES" ("ID") 
  PCTFREE 10 INITRANS 2 MAXTRANS 255 COMPUTE STATISTICS NOLOGGING 
  STORAGE(INITIAL 65536 NEXT 1048576 MINEXTENTS 1 MAXEXTENTS 2147483645
  PCTINCREASE 0 FREELISTS 1 FREELIST GROUPS 1
  BUFFER_POOL DEFAULT FLASH_CACHE DEFAULT CELL_FLASH_CACHE DEFAULT)
  TABLESPACE "TBSPROD" ;
--------------------------------------------------------
--  DDL for Index PK_VIDEO
--------------------------------------------------------

  CREATE UNIQUE INDEX "ISIS2304B041720"."PK_VIDEO" ON "ISIS2304B041720"."TIPOPRODUCTO" ("ID_PROD", "ID_TIPO") 
  PCTFREE 10 INITRANS 2 MAXTRANS 255 COMPUTE STATISTICS NOLOGGING 
  STORAGE(INITIAL 65536 NEXT 1048576 MINEXTENTS 1 MAXEXTENTS 2147483645
  PCTINCREASE 0 FREELISTS 1 FREELIST GROUPS 1
  BUFFER_POOL DEFAULT FLASH_CACHE DEFAULT CELL_FLASH_CACHE DEFAULT)
  TABLESPACE "TBSPROD" ;
--------------------------------------------------------
--  DDL for Index PK_TIPO
--------------------------------------------------------

  CREATE UNIQUE INDEX "ISIS2304B041720"."PK_TIPO" ON "ISIS2304B041720"."TIPOS" ("ID") 
  PCTFREE 10 INITRANS 2 MAXTRANS 255 COMPUTE STATISTICS NOLOGGING 
  STORAGE(INITIAL 65536 NEXT 1048576 MINEXTENTS 1 MAXEXTENTS 2147483645
  PCTINCREASE 0 FREELISTS 1 FREELIST GROUPS 1
  BUFFER_POOL DEFAULT FLASH_CACHE DEFAULT CELL_FLASH_CACHE DEFAULT)
  TABLESPACE "TBSPROD" ;
--------------------------------------------------------
--  DDL for Index NOMBREUNICO
--------------------------------------------------------

  CREATE UNIQUE INDEX "ISIS2304B041720"."NOMBREUNICO" ON "ISIS2304B041720"."TIPOS" ("NAME") 
  PCTFREE 10 INITRANS 2 MAXTRANS 255 COMPUTE STATISTICS NOLOGGING 
  STORAGE(INITIAL 65536 NEXT 1048576 MINEXTENTS 1 MAXEXTENTS 2147483645
  PCTINCREASE 0 FREELISTS 1 FREELIST GROUPS 1
  BUFFER_POOL DEFAULT FLASH_CACHE DEFAULT CELL_FLASH_CACHE DEFAULT)
  TABLESPACE "TBSPROD" ;
--------------------------------------------------------
--  DDL for Index PK_ZONA
--------------------------------------------------------

  CREATE UNIQUE INDEX "ISIS2304B041720"."PK_ZONA" ON "ISIS2304B041720"."ZONAS" ("ID") 
  PCTFREE 10 INITRANS 2 MAXTRANS 255 NOLOGGING 
  STORAGE(INITIAL 65536 NEXT 1048576 MINEXTENTS 1 MAXEXTENTS 2147483645
  PCTINCREASE 0 FREELISTS 1 FREELIST GROUPS 1
  BUFFER_POOL DEFAULT FLASH_CACHE DEFAULT CELL_FLASH_CACHE DEFAULT)
  TABLESPACE "TBSPROD" ;
--------------------------------------------------------
--  Constraints for Table BEBIDAS
--------------------------------------------------------

  ALTER TABLE "ISIS2304B041720"."BEBIDAS" ADD CONSTRAINT "PRODNODUPLBEB" UNIQUE ("ID_PRODUCTO")
  USING INDEX (CREATE UNIQUE INDEX "ISIS2304B041720"."PRODUCTNODUPLICADOS" ON "ISIS2304B041720"."BEBIDAS" ("ID_PRODUCTO") 
  PCTFREE 10 INITRANS 2 MAXTRANS 255 COMPUTE STATISTICS NOLOGGING 
  STORAGE(INITIAL 65536 NEXT 1048576 MINEXTENTS 1 MAXEXTENTS 2147483645
  PCTINCREASE 0 FREELISTS 1 FREELIST GROUPS 1
  BUFFER_POOL DEFAULT FLASH_CACHE DEFAULT CELL_FLASH_CACHE DEFAULT)
  TABLESPACE "TBSPROD" )  ENABLE;
  ALTER TABLE "ISIS2304B041720"."BEBIDAS" MODIFY ("ID_PRODUCTO" NOT NULL ENABLE);
  ALTER TABLE "ISIS2304B041720"."BEBIDAS" ADD CONSTRAINT "BEBIDA_PK" PRIMARY KEY ("ID")
  USING INDEX PCTFREE 10 INITRANS 2 MAXTRANS 255 COMPUTE STATISTICS NOLOGGING 
  STORAGE(INITIAL 65536 NEXT 1048576 MINEXTENTS 1 MAXEXTENTS 2147483645
  PCTINCREASE 0 FREELISTS 1 FREELIST GROUPS 1
  BUFFER_POOL DEFAULT FLASH_CACHE DEFAULT CELL_FLASH_CACHE DEFAULT)
  TABLESPACE "TBSPROD"  ENABLE;
  ALTER TABLE "ISIS2304B041720"."BEBIDAS" ADD CONSTRAINT "BOOL_HIELO" CHECK (HIELO = 1 OR HIELO = 0) ENABLE;
  ALTER TABLE "ISIS2304B041720"."BEBIDAS" ADD CONSTRAINT "BOOL_NATURAL" CHECK (NATURAL = 1 OR NATURAL = 0) ENABLE;
  ALTER TABLE "ISIS2304B041720"."BEBIDAS" ADD CONSTRAINT "BOOL_CALIENTE" CHECK (CALIENTE = 1 OR CALIENTE = 0) ENABLE;
  ALTER TABLE "ISIS2304B041720"."BEBIDAS" MODIFY ("HIELO" NOT NULL ENABLE);
  ALTER TABLE "ISIS2304B041720"."BEBIDAS" MODIFY ("NATURAL" NOT NULL ENABLE);
  ALTER TABLE "ISIS2304B041720"."BEBIDAS" MODIFY ("CALIENTE" NOT NULL ENABLE);
  ALTER TABLE "ISIS2304B041720"."BEBIDAS" MODIFY ("NAME" NOT NULL ENABLE);
  ALTER TABLE "ISIS2304B041720"."BEBIDAS" MODIFY ("ID" NOT NULL ENABLE);
--------------------------------------------------------
--  Constraints for Table CLIENTES
--------------------------------------------------------

  ALTER TABLE "ISIS2304B041720"."CLIENTES" ADD CONSTRAINT "PK_CLIENTE" PRIMARY KEY ("ID")
  USING INDEX PCTFREE 10 INITRANS 2 MAXTRANS 255 COMPUTE STATISTICS NOLOGGING 
  STORAGE(INITIAL 65536 NEXT 1048576 MINEXTENTS 1 MAXEXTENTS 2147483645
  PCTINCREASE 0 FREELISTS 1 FREELIST GROUPS 1
  BUFFER_POOL DEFAULT FLASH_CACHE DEFAULT CELL_FLASH_CACHE DEFAULT)
  TABLESPACE "TBSPROD"  ENABLE;
  ALTER TABLE "ISIS2304B041720"."CLIENTES" ADD CONSTRAINT "NAMECLNOTEMPTY" CHECK (NAME != ' ') ENABLE;
  ALTER TABLE "ISIS2304B041720"."CLIENTES" MODIFY ("MESA" NOT NULL ENABLE);
  ALTER TABLE "ISIS2304B041720"."CLIENTES" MODIFY ("NAME" NOT NULL ENABLE);
  ALTER TABLE "ISIS2304B041720"."CLIENTES" MODIFY ("ID" NOT NULL ENABLE);
--------------------------------------------------------
--  Constraints for Table CLIENTESFRECUENTES
--------------------------------------------------------

  ALTER TABLE "ISIS2304B041720"."CLIENTESFRECUENTES" ADD CONSTRAINT "PK_CLNTFRC" PRIMARY KEY ("ID")
  USING INDEX PCTFREE 10 INITRANS 2 MAXTRANS 255 COMPUTE STATISTICS NOLOGGING 
  STORAGE(INITIAL 65536 NEXT 1048576 MINEXTENTS 1 MAXEXTENTS 2147483645
  PCTINCREASE 0 FREELISTS 1 FREELIST GROUPS 1
  BUFFER_POOL DEFAULT FLASH_CACHE DEFAULT CELL_FLASH_CACHE DEFAULT)
  TABLESPACE "TBSPROD"  ENABLE;
  ALTER TABLE "ISIS2304B041720"."CLIENTESFRECUENTES" MODIFY ("PASSWORD" NOT NULL ENABLE);
  ALTER TABLE "ISIS2304B041720"."CLIENTESFRECUENTES" MODIFY ("ID" NOT NULL ENABLE);
  ALTER TABLE "ISIS2304B041720"."CLIENTESFRECUENTES" ADD CONSTRAINT "PASSCFNOTEMPY" CHECK (PASSWORD != ' ') ENABLE;
--------------------------------------------------------
--  Constraints for Table CONDICIONESTECNICAS
--------------------------------------------------------

  ALTER TABLE "ISIS2304B041720"."CONDICIONESTECNICAS" ADD CONSTRAINT "PK_CONDICION" PRIMARY KEY ("ID")
  USING INDEX PCTFREE 10 INITRANS 2 MAXTRANS 255 NOLOGGING 
  STORAGE(INITIAL 65536 NEXT 1048576 MINEXTENTS 1 MAXEXTENTS 2147483645
  PCTINCREASE 0 FREELISTS 1 FREELIST GROUPS 1
  BUFFER_POOL DEFAULT FLASH_CACHE DEFAULT CELL_FLASH_CACHE DEFAULT)
  TABLESPACE "TBSPROD"  ENABLE;
  ALTER TABLE "ISIS2304B041720"."CONDICIONESTECNICAS" MODIFY ("NAME" NOT NULL ENABLE);
  ALTER TABLE "ISIS2304B041720"."CONDICIONESTECNICAS" MODIFY ("ID" NOT NULL ENABLE);
--------------------------------------------------------
--  Constraints for Table CONDICIONZONA
--------------------------------------------------------

  ALTER TABLE "ISIS2304B041720"."CONDICIONZONA" ADD CONSTRAINT "PK_CONDZONA" PRIMARY KEY ("ID_ZONA", "ID_CONDICION")
  USING INDEX PCTFREE 10 INITRANS 2 MAXTRANS 255 NOLOGGING 
  STORAGE(INITIAL 65536 NEXT 1048576 MINEXTENTS 1 MAXEXTENTS 2147483645
  PCTINCREASE 0 FREELISTS 1 FREELIST GROUPS 1
  BUFFER_POOL DEFAULT FLASH_CACHE DEFAULT CELL_FLASH_CACHE DEFAULT)
  TABLESPACE "TBSPROD"  ENABLE;
  ALTER TABLE "ISIS2304B041720"."CONDICIONZONA" MODIFY ("ID_CONDICION" NOT NULL ENABLE);
  ALTER TABLE "ISIS2304B041720"."CONDICIONZONA" MODIFY ("ID_ZONA" NOT NULL ENABLE);
--------------------------------------------------------
--  Constraints for Table ENTRADAS
--------------------------------------------------------

  ALTER TABLE "ISIS2304B041720"."ENTRADAS" ADD CONSTRAINT "PK_ENTRADA" PRIMARY KEY ("ID")
  USING INDEX PCTFREE 10 INITRANS 2 MAXTRANS 255 COMPUTE STATISTICS NOLOGGING 
  STORAGE(INITIAL 65536 NEXT 1048576 MINEXTENTS 1 MAXEXTENTS 2147483645
  PCTINCREASE 0 FREELISTS 1 FREELIST GROUPS 1
  BUFFER_POOL DEFAULT FLASH_CACHE DEFAULT CELL_FLASH_CACHE DEFAULT)
  TABLESPACE "TBSPROD"  ENABLE;
  ALTER TABLE "ISIS2304B041720"."ENTRADAS" ADD CONSTRAINT "NAME_EMP" CHECK (NAME != ' ') ENABLE;
  ALTER TABLE "ISIS2304B041720"."ENTRADAS" MODIFY ("NAME" NOT NULL ENABLE);
  ALTER TABLE "ISIS2304B041720"."ENTRADAS" MODIFY ("ID" NOT NULL ENABLE);
  ALTER TABLE "ISIS2304B041720"."ENTRADAS" MODIFY ("ID_PRODUCTO" NOT NULL ENABLE);
  ALTER TABLE "ISIS2304B041720"."ENTRADAS" ADD CONSTRAINT "PRODNODUPLENTR" UNIQUE ("ID_PRODUCTO")
  USING INDEX PCTFREE 10 INITRANS 2 MAXTRANS 255 COMPUTE STATISTICS NOLOGGING 
  STORAGE(INITIAL 65536 NEXT 1048576 MINEXTENTS 1 MAXEXTENTS 2147483645
  PCTINCREASE 0 FREELISTS 1 FREELIST GROUPS 1
  BUFFER_POOL DEFAULT FLASH_CACHE DEFAULT CELL_FLASH_CACHE DEFAULT)
  TABLESPACE "TBSPROD"  ENABLE;
--------------------------------------------------------
--  Constraints for Table INGREDIENTES
--------------------------------------------------------

  ALTER TABLE "ISIS2304B041720"."INGREDIENTES" ADD CONSTRAINT "NOMBRE_NO_VACIO2" CHECK (NAME !=  ' ') ENABLE;
  ALTER TABLE "ISIS2304B041720"."INGREDIENTES" ADD CONSTRAINT "INGREDIENTE_PK" PRIMARY KEY ("ID")
  USING INDEX PCTFREE 10 INITRANS 2 MAXTRANS 255 COMPUTE STATISTICS NOLOGGING 
  STORAGE(INITIAL 65536 NEXT 1048576 MINEXTENTS 1 MAXEXTENTS 2147483645
  PCTINCREASE 0 FREELISTS 1 FREELIST GROUPS 1
  BUFFER_POOL DEFAULT FLASH_CACHE DEFAULT CELL_FLASH_CACHE DEFAULT)
  TABLESPACE "TBSPROD"  ENABLE;
  ALTER TABLE "ISIS2304B041720"."INGREDIENTES" MODIFY ("NAME" NOT NULL ENABLE);
  ALTER TABLE "ISIS2304B041720"."INGREDIENTES" MODIFY ("ID" NOT NULL ENABLE);
  ALTER TABLE "ISIS2304B041720"."INGREDIENTES" ADD CONSTRAINT "UNICOINGREDIENTE" UNIQUE ("NAME")
  USING INDEX PCTFREE 10 INITRANS 2 MAXTRANS 255 COMPUTE STATISTICS NOLOGGING 
  STORAGE(INITIAL 65536 NEXT 1048576 MINEXTENTS 1 MAXEXTENTS 2147483645
  PCTINCREASE 0 FREELISTS 1 FREELIST GROUPS 1
  BUFFER_POOL DEFAULT FLASH_CACHE DEFAULT CELL_FLASH_CACHE DEFAULT)
  TABLESPACE "TBSPROD"  ENABLE;
--------------------------------------------------------
--  Constraints for Table INGREDIENTESSIMILARES
--------------------------------------------------------

  ALTER TABLE "ISIS2304B041720"."INGREDIENTESSIMILARES" ADD CONSTRAINT "PK_ISIMILARES" PRIMARY KEY ("ID_INGREDIENTE1", "ID_INGREDIENTE2")
  USING INDEX PCTFREE 10 INITRANS 2 MAXTRANS 255 COMPUTE STATISTICS NOLOGGING 
  STORAGE(INITIAL 65536 NEXT 1048576 MINEXTENTS 1 MAXEXTENTS 2147483645
  PCTINCREASE 0 FREELISTS 1 FREELIST GROUPS 1
  BUFFER_POOL DEFAULT FLASH_CACHE DEFAULT CELL_FLASH_CACHE DEFAULT)
  TABLESPACE "TBSPROD"  ENABLE;
  ALTER TABLE "ISIS2304B041720"."INGREDIENTESSIMILARES" MODIFY ("ID_INGREDIENTE2" NOT NULL ENABLE);
  ALTER TABLE "ISIS2304B041720"."INGREDIENTESSIMILARES" MODIFY ("ID_INGREDIENTE1" NOT NULL ENABLE);
--------------------------------------------------------
--  Constraints for Table MENUS
--------------------------------------------------------

  ALTER TABLE "ISIS2304B041720"."MENUS" ADD CONSTRAINT "NOMBRE_NO_VACIO" CHECK (NAME !=  ' ') ENABLE;
  ALTER TABLE "ISIS2304B041720"."MENUS" MODIFY ("NAME" NOT NULL ENABLE);
  ALTER TABLE "ISIS2304B041720"."MENUS" ADD CONSTRAINT "MENU_PK" PRIMARY KEY ("ID")
  USING INDEX (CREATE UNIQUE INDEX "ISIS2304B041720"."VIDEOS_PK" ON "ISIS2304B041720"."MENUS" ("ID") 
  PCTFREE 10 INITRANS 2 MAXTRANS 255 NOLOGGING 
  STORAGE(INITIAL 65536 NEXT 1048576 MINEXTENTS 1 MAXEXTENTS 2147483645
  PCTINCREASE 0 FREELISTS 1 FREELIST GROUPS 1
  BUFFER_POOL DEFAULT FLASH_CACHE DEFAULT CELL_FLASH_CACHE DEFAULT)
  TABLESPACE "TBSPROD" )  ENABLE;
  ALTER TABLE "ISIS2304B041720"."MENUS" MODIFY ("ID" NOT NULL ENABLE);
  ALTER TABLE "ISIS2304B041720"."MENUS" MODIFY ("ID_RESTAURANTE" NOT NULL ENABLE);
  ALTER TABLE "ISIS2304B041720"."MENUS" ADD CONSTRAINT "PRODNODUPLMEN" UNIQUE ("ID_PRODUCTO")
  USING INDEX PCTFREE 10 INITRANS 2 MAXTRANS 255 COMPUTE STATISTICS NOLOGGING 
  STORAGE(INITIAL 65536 NEXT 1048576 MINEXTENTS 1 MAXEXTENTS 2147483645
  PCTINCREASE 0 FREELISTS 1 FREELIST GROUPS 1
  BUFFER_POOL DEFAULT FLASH_CACHE DEFAULT CELL_FLASH_CACHE DEFAULT)
  TABLESPACE "TBSPROD"  ENABLE;
  ALTER TABLE "ISIS2304B041720"."MENUS" MODIFY ("ID_PRODUCTO" NOT NULL ENABLE);
--------------------------------------------------------
--  Constraints for Table ORDENES
--------------------------------------------------------

  ALTER TABLE "ISIS2304B041720"."ORDENES" ADD CONSTRAINT "PK_ORDEN" PRIMARY KEY ("ID")
  USING INDEX PCTFREE 10 INITRANS 2 MAXTRANS 255 NOLOGGING 
  STORAGE(INITIAL 65536 NEXT 1048576 MINEXTENTS 1 MAXEXTENTS 2147483645
  PCTINCREASE 0 FREELISTS 1 FREELIST GROUPS 1
  BUFFER_POOL DEFAULT FLASH_CACHE DEFAULT CELL_FLASH_CACHE DEFAULT)
  TABLESPACE "TBSPROD"  ENABLE;
  ALTER TABLE "ISIS2304B041720"."ORDENES" ADD CONSTRAINT "COSTPOSITIVO" CHECK (COSTOTOTAL > 0) ENABLE;
  ALTER TABLE "ISIS2304B041720"."ORDENES" MODIFY ("COSTOTOTAL" NOT NULL ENABLE);
  ALTER TABLE "ISIS2304B041720"."ORDENES" MODIFY ("FECHA" NOT NULL ENABLE);
  ALTER TABLE "ISIS2304B041720"."ORDENES" MODIFY ("ID" NOT NULL ENABLE);
--------------------------------------------------------
--  Constraints for Table PEDIDOS
--------------------------------------------------------

  ALTER TABLE "ISIS2304B041720"."PEDIDOS" ADD CONSTRAINT "BOOL_DESPACHADO" CHECK (SERVIDO = 1 OR SERVIDO = 0) ENABLE;
  ALTER TABLE "ISIS2304B041720"."PEDIDOS" MODIFY ("SERVIDO" NOT NULL ENABLE);
  ALTER TABLE "ISIS2304B041720"."PEDIDOS" ADD CONSTRAINT "PK_PEDIDO" PRIMARY KEY ("ID")
  USING INDEX PCTFREE 10 INITRANS 2 MAXTRANS 255 NOLOGGING 
  STORAGE(INITIAL 65536 NEXT 1048576 MINEXTENTS 1 MAXEXTENTS 2147483645
  PCTINCREASE 0 FREELISTS 1 FREELIST GROUPS 1
  BUFFER_POOL DEFAULT FLASH_CACHE DEFAULT CELL_FLASH_CACHE DEFAULT)
  TABLESPACE "TBSPROD"  ENABLE;
  ALTER TABLE "ISIS2304B041720"."PEDIDOS" MODIFY ("FECHA" NOT NULL ENABLE);
  ALTER TABLE "ISIS2304B041720"."PEDIDOS" MODIFY ("ID_PRODUCTO" NOT NULL ENABLE);
  ALTER TABLE "ISIS2304B041720"."PEDIDOS" MODIFY ("ID_CLIENTE" NOT NULL ENABLE);
  ALTER TABLE "ISIS2304B041720"."PEDIDOS" MODIFY ("ID" NOT NULL ENABLE);
--------------------------------------------------------
--  Constraints for Table PEDIDOSDEORDEN
--------------------------------------------------------

  ALTER TABLE "ISIS2304B041720"."PEDIDOSDEORDEN" ADD CONSTRAINT "PK_PEDIDORDEN" PRIMARY KEY ("ID_ORDEN", "ID_PEDIDO")
  USING INDEX PCTFREE 10 INITRANS 2 MAXTRANS 255 NOLOGGING 
  STORAGE(INITIAL 65536 NEXT 1048576 MINEXTENTS 1 MAXEXTENTS 2147483645
  PCTINCREASE 0 FREELISTS 1 FREELIST GROUPS 1
  BUFFER_POOL DEFAULT FLASH_CACHE DEFAULT CELL_FLASH_CACHE DEFAULT)
  TABLESPACE "TBSPROD"  ENABLE;
  ALTER TABLE "ISIS2304B041720"."PEDIDOSDEORDEN" MODIFY ("ID_PEDIDO" NOT NULL ENABLE);
  ALTER TABLE "ISIS2304B041720"."PEDIDOSDEORDEN" MODIFY ("ID_ORDEN" NOT NULL ENABLE);
--------------------------------------------------------
--  Constraints for Table PLATOSFUERTES
--------------------------------------------------------

  ALTER TABLE "ISIS2304B041720"."PLATOSFUERTES" ADD CONSTRAINT "PRODNODUPLPT" UNIQUE ("ID_PRODUCTO")
  USING INDEX PCTFREE 10 INITRANS 2 MAXTRANS 255 COMPUTE STATISTICS NOLOGGING 
  STORAGE(INITIAL 65536 NEXT 1048576 MINEXTENTS 1 MAXEXTENTS 2147483645
  PCTINCREASE 0 FREELISTS 1 FREELIST GROUPS 1
  BUFFER_POOL DEFAULT FLASH_CACHE DEFAULT CELL_FLASH_CACHE DEFAULT)
  TABLESPACE "TBSPROD"  ENABLE;
  ALTER TABLE "ISIS2304B041720"."PLATOSFUERTES" MODIFY ("ID_PRODUCTO" NOT NULL ENABLE);
  ALTER TABLE "ISIS2304B041720"."PLATOSFUERTES" ADD CONSTRAINT "PLATOFUERTE_PK" PRIMARY KEY ("ID")
  USING INDEX PCTFREE 10 INITRANS 2 MAXTRANS 255 NOLOGGING 
  STORAGE(INITIAL 65536 NEXT 1048576 MINEXTENTS 1 MAXEXTENTS 2147483645
  PCTINCREASE 0 FREELISTS 1 FREELIST GROUPS 1
  BUFFER_POOL DEFAULT FLASH_CACHE DEFAULT CELL_FLASH_CACHE DEFAULT)
  TABLESPACE "TBSPROD"  ENABLE;
  ALTER TABLE "ISIS2304B041720"."PLATOSFUERTES" ADD CONSTRAINT "NAMENOTEMPTY" CHECK (NAME != ' ') ENABLE;
  ALTER TABLE "ISIS2304B041720"."PLATOSFUERTES" MODIFY ("ID" NOT NULL ENABLE);
--------------------------------------------------------
--  Constraints for Table POSTRES
--------------------------------------------------------

  ALTER TABLE "ISIS2304B041720"."POSTRES" ADD CONSTRAINT "POSTRE_PK" PRIMARY KEY ("ID")
  USING INDEX PCTFREE 10 INITRANS 2 MAXTRANS 255 COMPUTE STATISTICS NOLOGGING 
  STORAGE(INITIAL 65536 NEXT 1048576 MINEXTENTS 1 MAXEXTENTS 2147483645
  PCTINCREASE 0 FREELISTS 1 FREELIST GROUPS 1
  BUFFER_POOL DEFAULT FLASH_CACHE DEFAULT CELL_FLASH_CACHE DEFAULT)
  TABLESPACE "TBSPROD"  ENABLE;
  ALTER TABLE "ISIS2304B041720"."POSTRES" ADD CONSTRAINT "NOMBREEMPTY" CHECK (NAME != ' ') ENABLE;
  ALTER TABLE "ISIS2304B041720"."POSTRES" MODIFY ("NAME" NOT NULL ENABLE);
  ALTER TABLE "ISIS2304B041720"."POSTRES" MODIFY ("ID" NOT NULL ENABLE);
  ALTER TABLE "ISIS2304B041720"."POSTRES" ADD CONSTRAINT "PRODNODUPLPOS" UNIQUE ("ID_PRODUCTO")
  USING INDEX PCTFREE 10 INITRANS 2 MAXTRANS 255 COMPUTE STATISTICS NOLOGGING 
  STORAGE(INITIAL 65536 NEXT 1048576 MINEXTENTS 1 MAXEXTENTS 2147483645
  PCTINCREASE 0 FREELISTS 1 FREELIST GROUPS 1
  BUFFER_POOL DEFAULT FLASH_CACHE DEFAULT CELL_FLASH_CACHE DEFAULT)
  TABLESPACE "TBSPROD"  ENABLE;
  ALTER TABLE "ISIS2304B041720"."POSTRES" MODIFY ("ID_PRODUCTO" NOT NULL ENABLE);
--------------------------------------------------------
--  Constraints for Table PREFERENCIAS
--------------------------------------------------------

  ALTER TABLE "ISIS2304B041720"."PREFERENCIAS" ADD CONSTRAINT "PK_PREFERENCIAS" PRIMARY KEY ("ID_CLIENTEFRECUENTE", "ID_PRODUCTO")
  USING INDEX PCTFREE 10 INITRANS 2 MAXTRANS 255 NOLOGGING 
  STORAGE(INITIAL 65536 NEXT 1048576 MINEXTENTS 1 MAXEXTENTS 2147483645
  PCTINCREASE 0 FREELISTS 1 FREELIST GROUPS 1
  BUFFER_POOL DEFAULT FLASH_CACHE DEFAULT CELL_FLASH_CACHE DEFAULT)
  TABLESPACE "TBSPROD"  ENABLE;
  ALTER TABLE "ISIS2304B041720"."PREFERENCIAS" MODIFY ("ID_PRODUCTO" NOT NULL ENABLE);
  ALTER TABLE "ISIS2304B041720"."PREFERENCIAS" MODIFY ("ID_CLIENTEFRECUENTE" NOT NULL ENABLE);
--------------------------------------------------------
--  Constraints for Table PRODUCTOS
--------------------------------------------------------

  ALTER TABLE "ISIS2304B041720"."PRODUCTOS" ADD CONSTRAINT "CANTPOS" CHECK (CANTIDAD >= 0) ENABLE;
  ALTER TABLE "ISIS2304B041720"."PRODUCTOS" MODIFY ("CANTIDAD" NOT NULL ENABLE);
  ALTER TABLE "ISIS2304B041720"."PRODUCTOS" MODIFY ("ID_RESTAURANTE" NOT NULL ENABLE);
  ALTER TABLE "ISIS2304B041720"."PRODUCTOS" ADD CONSTRAINT "PRODUCTO_PK" PRIMARY KEY ("ID")
  USING INDEX PCTFREE 10 INITRANS 2 MAXTRANS 255 COMPUTE STATISTICS NOLOGGING 
  STORAGE(INITIAL 65536 NEXT 1048576 MINEXTENTS 1 MAXEXTENTS 2147483645
  PCTINCREASE 0 FREELISTS 1 FREELIST GROUPS 1
  BUFFER_POOL DEFAULT FLASH_CACHE DEFAULT CELL_FLASH_CACHE DEFAULT)
  TABLESPACE "TBSPROD"  ENABLE;
  ALTER TABLE "ISIS2304B041720"."PRODUCTOS" ADD CONSTRAINT "CHECK_COSTPORD" CHECK (COSTO_PRODUCCION > 0) ENABLE;
  ALTER TABLE "ISIS2304B041720"."PRODUCTOS" ADD CONSTRAINT "CHECK_PRECIOPRODUCTO" CHECK (PRECIO > 0) ENABLE;
  ALTER TABLE "ISIS2304B041720"."PRODUCTOS" MODIFY ("PRECIO" NOT NULL ENABLE);
  ALTER TABLE "ISIS2304B041720"."PRODUCTOS" MODIFY ("COSTO_PRODUCCION" NOT NULL ENABLE);
  ALTER TABLE "ISIS2304B041720"."PRODUCTOS" MODIFY ("ID" NOT NULL ENABLE);
--------------------------------------------------------
--  Constraints for Table PRODUCTOSSIMILARES
--------------------------------------------------------

  ALTER TABLE "ISIS2304B041720"."PRODUCTOSSIMILARES" ADD CONSTRAINT "PK_PSIMILARES" PRIMARY KEY ("ID_PRODUCTO1", "ID_PRODUCTO2")
  USING INDEX PCTFREE 10 INITRANS 2 MAXTRANS 255 COMPUTE STATISTICS NOLOGGING 
  STORAGE(INITIAL 65536 NEXT 1048576 MINEXTENTS 1 MAXEXTENTS 2147483645
  PCTINCREASE 0 FREELISTS 1 FREELIST GROUPS 1
  BUFFER_POOL DEFAULT FLASH_CACHE DEFAULT CELL_FLASH_CACHE DEFAULT)
  TABLESPACE "TBSPROD"  ENABLE;
  ALTER TABLE "ISIS2304B041720"."PRODUCTOSSIMILARES" MODIFY ("ID_PRODUCTO2" NOT NULL ENABLE);
  ALTER TABLE "ISIS2304B041720"."PRODUCTOSSIMILARES" MODIFY ("ID_PRODUCTO1" NOT NULL ENABLE);
  ALTER TABLE "ISIS2304B041720"."PRODUCTOSSIMILARES" ADD CONSTRAINT "NOSIMTOSIM" CHECK (ID_PRODUCTO1 != ID_PRODUCTO2) ENABLE;
--------------------------------------------------------
--  Constraints for Table REPRESENTA
--------------------------------------------------------

  ALTER TABLE "ISIS2304B041720"."REPRESENTA" MODIFY ("ID_REPRESENTANTE" NOT NULL ENABLE);
  ALTER TABLE "ISIS2304B041720"."REPRESENTA" ADD CONSTRAINT "PK_REPRESENTACION" PRIMARY KEY ("ID_REPRESENTANTE", "ID_RESTAURANTE")
  USING INDEX PCTFREE 10 INITRANS 2 MAXTRANS 255 COMPUTE STATISTICS NOLOGGING 
  STORAGE(INITIAL 65536 NEXT 1048576 MINEXTENTS 1 MAXEXTENTS 2147483645
  PCTINCREASE 0 FREELISTS 1 FREELIST GROUPS 1
  BUFFER_POOL DEFAULT FLASH_CACHE DEFAULT CELL_FLASH_CACHE DEFAULT)
  TABLESPACE "TBSPROD"  ENABLE;
  ALTER TABLE "ISIS2304B041720"."REPRESENTA" ADD CONSTRAINT "RESTUNICO" UNIQUE ("ID_RESTAURANTE")
  USING INDEX PCTFREE 10 INITRANS 2 MAXTRANS 255 COMPUTE STATISTICS NOLOGGING 
  STORAGE(INITIAL 65536 NEXT 1048576 MINEXTENTS 1 MAXEXTENTS 2147483645
  PCTINCREASE 0 FREELISTS 1 FREELIST GROUPS 1
  BUFFER_POOL DEFAULT FLASH_CACHE DEFAULT CELL_FLASH_CACHE DEFAULT)
  TABLESPACE "TBSPROD"  ENABLE;
  ALTER TABLE "ISIS2304B041720"."REPRESENTA" MODIFY ("ID_RESTAURANTE" NOT NULL ENABLE);
--------------------------------------------------------
--  Constraints for Table REPRESENTANTES
--------------------------------------------------------

  ALTER TABLE "ISIS2304B041720"."REPRESENTANTES" ADD CONSTRAINT "PK_REPRESENTANTES" PRIMARY KEY ("ID")
  USING INDEX PCTFREE 10 INITRANS 2 MAXTRANS 255 COMPUTE STATISTICS NOLOGGING 
  STORAGE(INITIAL 65536 NEXT 1048576 MINEXTENTS 1 MAXEXTENTS 2147483645
  PCTINCREASE 0 FREELISTS 1 FREELIST GROUPS 1
  BUFFER_POOL DEFAULT FLASH_CACHE DEFAULT CELL_FLASH_CACHE DEFAULT)
  TABLESPACE "TBSPROD"  ENABLE;
  ALTER TABLE "ISIS2304B041720"."REPRESENTANTES" ADD CONSTRAINT "PASSREPRENOTEMPTY" CHECK (PASSWORD != ' ') ENABLE;
  ALTER TABLE "ISIS2304B041720"."REPRESENTANTES" ADD CONSTRAINT "NAMEREPRENOTEMPTY" CHECK (NAME != ' ') ENABLE;
  ALTER TABLE "ISIS2304B041720"."REPRESENTANTES" MODIFY ("PASSWORD" NOT NULL ENABLE);
  ALTER TABLE "ISIS2304B041720"."REPRESENTANTES" MODIFY ("NAME" NOT NULL ENABLE);
  ALTER TABLE "ISIS2304B041720"."REPRESENTANTES" MODIFY ("ID" NOT NULL ENABLE);
--------------------------------------------------------
--  Constraints for Table RESTAURANTES
--------------------------------------------------------

  ALTER TABLE "ISIS2304B041720"."RESTAURANTES" MODIFY ("ID_ZONA" NOT NULL ENABLE);
  ALTER TABLE "ISIS2304B041720"."RESTAURANTES" MODIFY ("ID_TIPO" NOT NULL ENABLE);
  ALTER TABLE "ISIS2304B041720"."RESTAURANTES" ADD CONSTRAINT "RES_PRECIO1" CHECK (PRECIO > 0) ENABLE;
  ALTER TABLE "ISIS2304B041720"."RESTAURANTES" ADD CONSTRAINT "NOMBRE_NO_VACIO1" CHECK (NAME !=  ' ') ENABLE;
  ALTER TABLE "ISIS2304B041720"."RESTAURANTES" ADD CONSTRAINT "RESTAURANTE_PK" PRIMARY KEY ("ID")
  USING INDEX (CREATE UNIQUE INDEX "ISIS2304B041720"."VIDEOS_PK1" ON "ISIS2304B041720"."RESTAURANTES" ("ID") 
  PCTFREE 10 INITRANS 2 MAXTRANS 255 COMPUTE STATISTICS NOLOGGING 
  STORAGE(INITIAL 65536 NEXT 1048576 MINEXTENTS 1 MAXEXTENTS 2147483645
  PCTINCREASE 0 FREELISTS 1 FREELIST GROUPS 1
  BUFFER_POOL DEFAULT FLASH_CACHE DEFAULT CELL_FLASH_CACHE DEFAULT)
  TABLESPACE "TBSPROD" )  ENABLE;
  ALTER TABLE "ISIS2304B041720"."RESTAURANTES" MODIFY ("NAME" NOT NULL ENABLE);
  ALTER TABLE "ISIS2304B041720"."RESTAURANTES" MODIFY ("ID" NOT NULL ENABLE);
--------------------------------------------------------
--  Constraints for Table TIPOPRODUCTO
--------------------------------------------------------

  ALTER TABLE "ISIS2304B041720"."TIPOPRODUCTO" ADD CONSTRAINT "PK_VIDEO" PRIMARY KEY ("ID_PROD", "ID_TIPO")
  USING INDEX PCTFREE 10 INITRANS 2 MAXTRANS 255 COMPUTE STATISTICS NOLOGGING 
  STORAGE(INITIAL 65536 NEXT 1048576 MINEXTENTS 1 MAXEXTENTS 2147483645
  PCTINCREASE 0 FREELISTS 1 FREELIST GROUPS 1
  BUFFER_POOL DEFAULT FLASH_CACHE DEFAULT CELL_FLASH_CACHE DEFAULT)
  TABLESPACE "TBSPROD"  ENABLE;
  ALTER TABLE "ISIS2304B041720"."TIPOPRODUCTO" MODIFY ("ID_TIPO" NOT NULL ENABLE);
  ALTER TABLE "ISIS2304B041720"."TIPOPRODUCTO" MODIFY ("ID_PROD" NOT NULL ENABLE);
--------------------------------------------------------
--  Constraints for Table TIPOS
--------------------------------------------------------

  ALTER TABLE "ISIS2304B041720"."TIPOS" ADD CONSTRAINT "NOMBREUNICO" UNIQUE ("NAME")
  USING INDEX PCTFREE 10 INITRANS 2 MAXTRANS 255 COMPUTE STATISTICS NOLOGGING 
  STORAGE(INITIAL 65536 NEXT 1048576 MINEXTENTS 1 MAXEXTENTS 2147483645
  PCTINCREASE 0 FREELISTS 1 FREELIST GROUPS 1
  BUFFER_POOL DEFAULT FLASH_CACHE DEFAULT CELL_FLASH_CACHE DEFAULT)
  TABLESPACE "TBSPROD"  ENABLE;
  ALTER TABLE "ISIS2304B041720"."TIPOS" ADD CONSTRAINT "PK_TIPO" PRIMARY KEY ("ID")
  USING INDEX PCTFREE 10 INITRANS 2 MAXTRANS 255 COMPUTE STATISTICS NOLOGGING 
  STORAGE(INITIAL 65536 NEXT 1048576 MINEXTENTS 1 MAXEXTENTS 2147483645
  PCTINCREASE 0 FREELISTS 1 FREELIST GROUPS 1
  BUFFER_POOL DEFAULT FLASH_CACHE DEFAULT CELL_FLASH_CACHE DEFAULT)
  TABLESPACE "TBSPROD"  ENABLE;
  ALTER TABLE "ISIS2304B041720"."TIPOS" MODIFY ("ID" NOT NULL ENABLE);
--------------------------------------------------------
--  Constraints for Table ZONAS
--------------------------------------------------------

  ALTER TABLE "ISIS2304B041720"."ZONAS" ADD CONSTRAINT "PK_ZONA" PRIMARY KEY ("ID")
  USING INDEX PCTFREE 10 INITRANS 2 MAXTRANS 255 NOLOGGING 
  STORAGE(INITIAL 65536 NEXT 1048576 MINEXTENTS 1 MAXEXTENTS 2147483645
  PCTINCREASE 0 FREELISTS 1 FREELIST GROUPS 1
  BUFFER_POOL DEFAULT FLASH_CACHE DEFAULT CELL_FLASH_CACHE DEFAULT)
  TABLESPACE "TBSPROD"  ENABLE;
  ALTER TABLE "ISIS2304B041720"."ZONAS" ADD CONSTRAINT "BOOL_INCLUYENTE" CHECK (INCLUYENTE = 1 OR INCLUYENTE = 0) ENABLE;
  ALTER TABLE "ISIS2304B041720"."ZONAS" ADD CONSTRAINT "BOOL_ESPACIOABIERTO" CHECK (ESPACIO_ABIERTO = 1 OR ESPACIO_ABIERTO = 0) ENABLE;
  ALTER TABLE "ISIS2304B041720"."ZONAS" MODIFY ("INCLUYENTE" NOT NULL ENABLE);
  ALTER TABLE "ISIS2304B041720"."ZONAS" MODIFY ("CAPACIDAD" NOT NULL ENABLE);
  ALTER TABLE "ISIS2304B041720"."ZONAS" MODIFY ("ESPACIO_ABIERTO" NOT NULL ENABLE);
  ALTER TABLE "ISIS2304B041720"."ZONAS" MODIFY ("NAME" NOT NULL ENABLE);
  ALTER TABLE "ISIS2304B041720"."ZONAS" MODIFY ("ID" NOT NULL ENABLE);
